40;Samanta Paim;-1963774412000;samantapaim@live.com;(061) 58558-8459
16;Leda Filla;-1979326412000;ledafilla@hotmail.com;(043) 11368-3794
243;Ananda Hadlich;531885600000;anandahadlich@bigstring.com;(014) 58816-7227
16;Sante Nazario;-1361134800000;santenazario@outlook.com;(035) 35265-5956
80;Judith Paixão;-491346000000;judithpaixão@hotmail.com;(079) 67621-3141
162;Noemia Melo;280551600000;noemiamelo@r7.com;(059) 54698-6759
112;Lucila Sobrenome;-357944400000;lucilasobrenome@bigstring.com;(025) 77239-7615
128;Iuri Quadros;-925074000000;iuriquadros@hotmail.com;(084) 66597-2659
432;Kleiton Wiggers;474692400000;kleitonwiggers@bigstring.com;(096) 89927-9328
70;Maricy Desconhecido;-2023304012000;maricydesconhecido@lockbin.com;(091) 51387-6639
693;Bonifácio Buzzi;175143600000;bonifáciobuzzi@outlook.com;(087) 65438-8628
336;Patricia Wloch;-1762290000000;patriciawloch@outlook.com;(079) 17579-9515
182;Conceição Fila;-671490000000;conceiçãofila@terra.com.br;(059) 53378-3178
588;Dalita Batista;1219201200000;dalitabatista@protonmail.com;(091) 23166-7493
30;Robson Dambros;494218800000;robsondambros@live.com;(042) 74775-5932
320;Ivana Heck;-2195412812000;ivanaheck@globo.com;(053) 86337-1486
340;Yara Lobo;-583794000000;yaralobo@tutanota.com;(043) 38758-9475
90;Chris Hemkemaier;-1613854800000;chrishemkemaier@r7.com;(097) 75792-5258
152;Eduarda Wulff;59799600000;eduardawulff@hotmail.com;(094) 74572-7217
1280;Olegário Ruiz;-1149627600000;olegárioruiz@live.com;(095) 59835-9954
21;Loredana Klaumann;-570492000000;loredanaklaumann@gmail.com;(085) 25296-4688
176;Frederica Barbosa;-1450818000000;fredericabarbosa@protonmail.com;(023) 98182-9179
1449;Bernadete Senem;-911163600000;bernadetesenem@mail.yandex.com;(064) 13585-1425
216;Nicole Martendal;734410800000;nicolemartendal@tutanota.com;(018) 51422-9897
1200;Albertina Broering;-642978000000;albertinabroering@live.com;(098) 21724-7979
1092;Getúlio LeveckjÚnior;1370833200000;getúlioleveckjÚnior@ig.com.br;(032) 16491-2441
972;Anete Marcos;-405464400000;anetemarcos@lockbin.com;(037) 64743-5256
224;Hector Juttel;-733352400000;hectorjuttel@outlook.com;(062) 42173-7695
203;Luzia Kallfels;-1858020812000;luziakallfels@mail.yandex.com;(092) 39379-3968
1080;Cornelio Hasse;-972334800000;corneliohasse@gawab.com;(099) 57343-2416
744;Samia Kosmann;498884400000;samiakosmann@gawab.com;(018) 24664-5629
768;Ilário Guimarães;1319248800000;ilárioguimarães@tutanota.com;(046) 51539-3319
528;Luciana SouzajÚnior;-180478800000;lucianasouzajÚnior@outlook.com;(032) 94461-9254
816;Herbert Naumest;-1473714000000;herbertnaumest@gmail.com;(026) 38651-3613
210;Cleuza BerglerjÚnior;1483322400000;cleuzaberglerjÚnior@protonmail.com;(027) 44594-5113
648;Quincas Bicalho;-1230670800000;quincasbicalho@hotmail.com;(043) 25546-7945
1813;Karyne Melz;-2240427600000;karynemelz@mail.ru;(053) 43658-3436
1140;Carmem Varela;-313016400000;carmemvarela@gmail.com;(074) 53732-9842
312;Clara Allein;-1996174412000;claraallein@bigstring.com;(053) 28751-1353
1400;Daisy SardÁ;59799600000;daisysardÁ@r7.com;(026) 12893-9443
1722;Ladislau Hulrich;-1088456400000;ladislauhulrich@ig.com.br;(038) 75224-8782
1470;Anastácia Cuban;-1038430800000;anastáciacuban@tutanota.com;(023) 26132-9924
1935;Nicole Paes;-321915600000;nicolepaes@r7.com;(032) 15181-7513
1320;Juliana Kempner;-1584651600000;julianakempner@protonmail.com;(051) 88817-6259
135;Dirceu Roberge;-1921438412000;dirceuroberge@gawab.com;(085) 58435-7777
552;Sueli Schweitzer;-1972587212000;suelischweitzer@zoho.com;(042) 86454-6453
3384;Franz Butzke;-1422392400000;franzbutzke@hotmail.com;(023) 33922-7998
576;Janaina DellÊ;-1284325200000;janainadellÊ@hotmail.com;(049) 46273-5579
784;Silverio Drosda;-1364418000000;silveriodrosda@protonmail.com;(068) 81933-4119
3600;Rosicler Trindade;-252709200000;rosiclertrindade@r7.com;(052) 26921-3628
2754;Ivana Schiochet;-400971600000;ivanaschiochet@outlook.com;(053) 43294-2636
832;Celene Milacci;-41288400000;celenemilacci@yahoo.com;(051) 68388-3668
477;Clara Chaves;-1333918800000;clarachaves@mail.yandex.com;(055) 79516-1566
270;Wanderleia Barros;847159200000;wanderleiabarros@hotmail.com;(019) 43124-7524
3520;Marina Souza;-1447102800000;marinasouza@protonmail.com;(042) 23674-2268
1568;Amir Sofka;1282964400000;amirsofka@globo.com;(097) 11858-2711
342;Vinicius Botelho;1501383600000;viniciusbotelho@terra.com.br;(017) 74191-1285
870;Nairon Chaves;907210800000;naironchaves@globo.com;(077) 53528-3354
531;Brian Batista;-1627333200000;brianbatista@globo.com;(022) 98122-7914
1680;Eurico Nóbrega;-951771600000;euriconóbrega@mail.yandex.com;(034) 65992-6468
1464;Cristian Mannrich;-483483600000;cristianmannrich@protonmail.com;(056) 67935-7532
372;Elaine Starosky;-290293200000;elainestarosky@globo.com;(029) 57238-1973
945;Louise Gauloski;1262916000000;louisegauloski@hotmail.com;(086) 93847-3621
768;Nelson Sanches;954903600000;nelsonsanches@globo.com;(038) 91258-1161
1170;Graziela Capistrano;1431054000000;grazielacapistrano@outlook.com;(048) 11861-9771
2772;Ayram Bruder;762404400000;ayrambruder@terra.com.br;(066) 42965-9636
2345;Ubirajara Brillinger;-1023138000000;ubirajarabrillinger@terra.com.br;(096) 98221-6341
544;Isaac Medeiros;-1838667212000;isaacmedeiros@bigstring.com;(034) 11875-8666
1104;Audrey Muniz;1114225200000;audreymuniz@protonmail.com;(034) 21292-6979
1260;Geilsa Cristofolini;-969310800000;geilsacristofolini@bigstring.com;(067) 52528-2162
142;Tricia Franz;-1098997200000;triciafranz@inbox.com;(024) 62713-4296
2304;Catarina Schiraus;-1609707600000;catarinaschiraus@zoho.com;(018) 61294-5671
876;Valentino Rahn;197953200000;valentinorahn@inbox.com;(066) 78923-1438
740;Odete Esser;1088823600000;odeteesser@live.com;(034) 63157-2133
600;Debora Thadeo;-1537477200000;deborathadeo@gawab.com;(026) 87427-5523
4104;Basilio Souza;1825200000;basiliosouza@mail.ru;(061) 74193-8151
2079;Geny Widemann;787370400000;genywidemann@inbox.com;(043) 83699-4895
2184;Sarina ValimjÚnior;-1462568400000;sarinavalimjÚnior@protonmail.com;(031) 34561-6856
790;Teobaldo Resner;920775600000;teobaldoresner@lockbin.com;(089) 37526-8829
960;Haroldo Martins;-671144400000;haroldomartins@mail.ru;(033) 75286-3227
1296;Harley SÁ;-726613200000;harleysÁ@mail.ru;(081) 66143-5842
984;Melayne Aragão;-1880657612000;melaynearagão@tutanota.com;(064) 64717-5426
1743;Ivonete Coelhoneto;248842800000;ivonetecoelhoneto@terra.com.br;(092) 86885-1943
1512;Rafaela Médici;470977200000;rafaelamédici@bigstring.com;(079) 67119-3155
2295;Casimiro Laurindo;-969224400000;casimirolaurindo@globo.com;(041) 53229-6947
4214;Ilana Barros;-1389474000000;ilanabarros@ig.com.br;(092) 48644-4588
2436;Abdemis Dalmolin;752724000000;abdemisdalmolin@bigstring.com;(051) 25273-4334
2112;Elena Stupp;-1542488400000;elenastupp@tutanota.com;(043) 53649-3613
1780;Danelise Figueiredo;881460000000;danelisefigueiredo@bigstring.com;(068) 49311-4735
450;Liége Bueno;-1619643600000;liégebueno@inbox.com;(059) 97792-4179
1092;Amalia Blumen;-974581200000;amaliablumen@globo.com;(082) 38774-1976
644;Timoteo Bornhofer;1195264800000;timoteobornhofer@hotmail.com;(014) 49467-5533
1860;Judith Candida;-1089666000000;judithcandida@zoho.com;(048) 53779-3537
752;Silvio Jochen;415249200000;silviojochen@outlook.com;(051) 61722-6786
855;Aime Faller;-385419600000;aimefaller@protonmail.com;(076) 72329-2924
384;Edwirge Altenburg;-448578000000;edwirgealtenburg@r7.com;(071) 47818-9644
291;Germano Pedrosa;-2086203212000;germanopedrosa@outlook.com;(095) 88188-5268
686;Pia Martini;1148439600000;piamartini@ig.com.br;(067) 21864-8822
2376;Cassia SchÖll;-892587600000;cassiaschÖll@gmail.com;(054) 57646-8543
2500;Carlos MÜllerfilho;557550000000;carlosmÜllerfilho@mail.ru;(022) 19592-8135
3636;Melayne Moresco;-1287867600000;melaynemoresco@protonmail.com;(086) 68778-5412
1836;Nayra EugÊnio;-907966800000;nayraeugÊnio@inbox.com;(073) 73877-8194
2472;Helio Gesser;-104878800000;heliogesser@protonmail.com;(076) 18938-9337
8424;Olavo Nóbrega;616647600000;olavonóbrega@mail.yandex.com;(065) 85131-7773
3150;Alenis Giacomelli;-698187600000;alenisgiacomelli@mail.aol.com;(015) 38915-9585
4770;Angel Santander;248497200000;angelsantander@tutanota.com;(054) 52898-6996
214;Apolo Franzoi;-18738000000;apolofranzoi@terra.com.br;(084) 21444-9947
4536;Imaculada Braga;-1523653200000;imaculadabraga@inbox.com;(028) 15716-5779
1635;Marisa Boyon;1002423600000;marisaboyon@zoho.com;(065) 61384-7471
2310;Horacio Roza;470286000000;horacioroza@r7.com;(092) 13386-8173
666;George Carapunarlo;322282800000;georgecarapunarlo@outlook.com;(077) 82412-3983
4032;Edmilson Lucas;-61509600000;edmilsonlucas@zoho.com;(044) 47284-5718
7232;Sonia Sipriani;-338850000000;soniasipriani@gmail.com;(072) 92436-5148
342;Pia Rochei;662781600000;piarochei@tutanota.com;(013) 63918-8174
805;Inês Outeiro;-620082000000;inêsouteiro@mail.yandex.com;(029) 79594-6554
1624;Veralice Yongue;-1440795600000;veraliceyongue@live.com;(048) 79746-2272
7371;Felinto Vieira;966394800000;felintovieira@zoho.com;(086) 19774-4249
4956;Valdinea Martins;1248750000000;valdineamartins@inbox.com;(099) 83174-6335
357;Ticiana Silva;989809200000;ticianasilva@inbox.com;(024) 83333-7826
600;Matias Gerlach;62132400000;matiasgerlach@mail.aol.com;(077) 88886-1888
726;Pamela Marthendal;306903600000;pamelamarthendal@live.com;(084) 96538-9327
854;Kenzo Boom;-2139598412000;kenzoboom@r7.com;(095) 29673-9498
5904;Danilo Paredes;734065200000;daniloparedes@gmail.com;(055) 31517-9291
1736;Abraão Leme;1174791600000;abraãoleme@gawab.com;(018) 11212-5672
3375;Lilian Lopes;-1449003600000;lilianlopes@mail.aol.com;(091) 57967-2982
3024;Martin Negreiros;-436914000000;martinnegreiros@gmail.com;(097) 16842-8211
10287;Arissa Fragas;30337200000;arissafragas@gmail.com;(058) 46287-8326
2304;Luce Mannrich;56170800000;lucemannrich@outlook.com;(076) 56624-2683
4644;Onofre Alves;-1378933200000;onofrealves@zoho.com;(054) 52554-3165
520;Camila Carmo;149310000000;camilacarmo@inbox.com;(039) 73251-8751
655;Alicia Portugal;-677970000000;aliciaportugal@hotmail.com;(039) 84376-4861
1188;Alenis Prado;1418004000000;alenisprado@outlook.com;(046) 94791-1458
266;Dalita Farias;-1142024400000;dalitafarias@terra.com.br;(028) 77417-9164
3216;Emilio Steinbach;-1670187600000;emiliosteinbach@hotmail.com;(031) 87132-9313
2160;Justo Carolina;-836514000000;justocarolina@live.com;(057) 51285-1915
2040;Bernadete Neto;-307141200000;bernadeteneto@hotmail.com;(081) 18527-1144
1918;Nayra Castrofilho;651207600000;nayracastrofilho@live.com;(093) 28122-1727
2208;Stefane Rezende;-1676235600000;stefanerezende@terra.com.br;(054) 83295-3451
1668;Doris Bason;233809200000;dorisbason@yahoo.com;(098) 98884-9784
700;Rossandra Rosar;833857200000;rossandrarosar@globo.com;(042) 84249-1966
846;Gian NinkÖther;1340679600000;gianninkÖther@tutanota.com;(063) 83813-7542
1420;Feliciano BÖhs;-339627600000;felicianobÖhs@yahoo.com;(075) 27317-3565
7007;Flavio Voltolini;-1966193612000;flaviovoltolini@ig.com.br;(092) 25513-8673
6480;Liliane Brasiliense;1556420400000;lilianebrasiliense@tutanota.com;(087) 74353-4257
3480;Iverly Faria;682570800000;iverlyfaria@inbox.com;(043) 76945-4265
438;Flavio Auxiliadora;1387936800000;flavioauxiliadora@mail.aol.com;(058) 96966-2349
3528;Nair Figueira;-117666000000;nairfigueira@terra.com.br;(069) 72357-2794
740;Elza Galvão;-2161457612000;elzagalvão@yahoo.com;(091) 19315-6644
7152;Zarifa Webber;-2075748812000;zarifawebber@terra.com.br;(011) 55466-8753
2400;Luciane Iadocicco;1373252400000;lucianeiadocicco@terra.com.br;(066) 13663-8132
906;Karyne Aragão;246510000000;karynearagão@outlook.com;(021) 14111-1119
2736;Antero Figueiredo;1524538800000;anterofigueiredo@terra.com.br;(099) 57891-5666
5508;Karina Pettler;692935200000;karinapettler@tutanota.com;(056) 36478-4154
4158;Luigi Grenteski;-955314000000;luigigrenteski@r7.com;(042) 91819-4961
11160;Valdir Prado;-287528400000;valdirprado@mail.ru;(094) 57647-9166
2808;Gustavo Ono;-880491600000;gustavoono@gmail.com;(062) 67589-6368
785;Celene Nack;-568245600000;celenenack@bigstring.com;(033) 39397-1271
948;Lucivane Veiga;1278817200000;lucivaneveiga@outlook.com;(021) 84713-3722
1272;Giselda Santiago;1304996400000;giseldasantiago@outlook.com;(043) 55286-3916
4480;Aldete Abueear;-476312400000;aldeteabueear@terra.com.br;(014) 39398-4653
5152;Andrew Camargo;154839600000;andrewcamargo@terra.com.br;(047) 65936-9826
5832;Natasha Rochei;957322800000;natasharochei@bigstring.com;(044) 21956-6586
4890;Olga Carioni;1538362800000;olgacarioni@yahoo.com;(094) 37248-8517
9184;Vladimir Senem;-1553029200000;vladimirsenem@globo.com;(023) 36891-7414
1320;Amelia Bins;253681200000;ameliabins@lockbin.com;(082) 57174-6392
1494;Cleber Almeida;-1604955600000;cleberalmeida@live.com;(046) 26867-4897
3006;Nayma SobrenomedamÃe;-2199128012000;naymasobrenomedamÃe@yahoo.com;(014) 78288-3285
1680;Cecília Limas;-2223752400000;cecílialimas@lockbin.com;(061) 87782-7914
3042;Marieli Anunciação;-2042225612000;marielianunciação@protonmail.com;(032) 71234-2699
5100;Julio Mohr;-1060376400000;juliomohr@gmail.com;(066) 51522-6592
4617;Iracema Kipfer;-212360400000;iracemakipfer@outlook.com;(097) 74695-9636
1548;Yanna Carvalhal;-2033585612000;yannacarvalhal@hotmail.com;(024) 31815-4568
1211;Nivaldo Diasfigueiredo;-1757192400000;nivaldodiasfigueiredo@live.com;(041) 17717-7143
3132;Natan Souza;-842648400000;natansouza@gawab.com;(031) 26848-7873
2100;Dalita Chaves;-947192400000;dalitachaves@hotmail.com;(033) 72329-5877
528;Elias Branco;919389600000;eliasbranco@globo.com;(037) 54833-9884
1593;Nairon Veber;-1895604812000;naironveber@mail.aol.com;(065) 94859-7659
534;Cleide Gorges;718340400000;cleidegorges@bigstring.com;(025) 53523-3167
3222;Jeremias Borges;-626911200000;jeremiasborges@terra.com.br;(028) 66587-9171
4320;Clovis Gerent;-264373200000;clovisgerent@outlook.com;(049) 46693-4239
181;Mariano MÜllerfilho;792381600000;marianomÜllerfilho@r7.com;(024) 42736-3475
1638;Cleber Nottingham;-1484514000000;clebernottingham@yahoo.com;(086) 44832-2649
1647;Wallace Bohne;-651358800000;wallacebohne@gmail.com;(066) 74328-8318
9936;Franz Kavaco;878522400000;franzkavaco@globo.com;(012) 55876-1754
740;Edvaldo Candida;-1900788812000;edvaldocandida@yahoo.com;(088) 94221-6273
3720;Rodrigo Schaffer;-458082000000;rodrigoschaffer@zoho.com;(039) 79538-9586
13464;Yan Laurindo;512535600000;yanlaurindo@globo.com;(086) 44539-2545
1692;Erenilda Jame;-1071781200000;erenildajame@globo.com;(044) 13692-5861
756;Selma Rampinelli;270270000000;selmarampinelli@mail.yandex.com;(029) 66316-2294
1140;Elton Weirich;1303354800000;eltonweirich@gawab.com;(086) 54215-1297
12224;Natasha Lebarbenchon;-1134421200000;natashalebarbenchon@outlook.com;(043) 15995-7411
384;Heloisa Esteves;666932400000;heloisaesteves@mail.yandex.com;(049) 84881-6939
3088;Beth Wulff;-1413493200000;bethwulff@live.com;(071) 36525-6369
3104;Nairon Nantes;-894834000000;naironnantes@bigstring.com;(084) 29939-7138
975;Odilson Martendal;-2069700812000;odilsonmartendal@bigstring.com;(065) 67992-3777
1764;Zenilde Chaplin;703479600000;zenildechaplin@live.com;(074) 68877-9551
3546;Ivana Schweitzer;-1650747600000;ivanaschweitzer@yahoo.com;(068) 26456-8439
5940;Joelle Pauleto;498452400000;joellepauleto@mail.aol.com;(096) 33497-6946
4179;Regina Siebert;785037600000;reginasiebert@gmail.com;(085) 51482-5418
1600;Alenis BrandtjÚnior;-1076014800000;alenisbrandtjÚnior@lockbin.com;(075) 47524-1136
3216;Jussara Locatelli;-180910800000;jussaralocatelli@inbox.com;(033) 93493-9542
12726;Iraídes Woss;962506800000;iraídeswoss@hotmail.com;(013) 98611-6373
1624;Estela Maciel;-1715720400000;estelamaciel@gawab.com;(063) 88519-8114
3672;Graziela Roncelli;1453514400000;grazielaroncelli@mail.aol.com;(021) 13536-4837
1845;Fabiana Denk;-1964984012000;fabianadenk@r7.com;(072) 11567-7687
3296;Kenneth Eça;748926000000;kennetheça@mail.aol.com;(086) 86173-9532
3105;Janaina Buzzi;91854000000;janainabuzzi@ig.com.br;(054) 68761-4927
4992;Augusto Rechia;-1746651600000;augustorechia@live.com;(068) 86352-9229
1881;Sante Kretzer;-2041707212000;santekretzer@inbox.com;(047) 22712-3753
3780;Joselma Deschamps;850615200000;joselmadeschamps@protonmail.com;(023) 29221-4549
4431;Hugo Terlinden;-1649538000000;hugoterlinden@globo.com;(029) 48168-9456
13356;Irina Esper;553316400000;irinaesper@terra.com.br;(054) 62557-1757
1491;Eric Castilho;-1988657612000;ericcastilho@protonmail.com;(065) 73857-5534
5350;Maura Almeida;1087095600000;mauraalmeida@inbox.com;(013) 18326-2188
13545;Natália Sattlerin;1340247600000;natáliasattlerin@mail.ru;(029) 13397-3319
3024;Elida Rios;-1941051212000;elidarios@hotmail.com;(095) 57685-3925
7812;José Voytena;1065927600000;josévoytena@r7.com;(098) 71299-2441
3924;Theo Stachinski;352609200000;theostachinski@gawab.com;(063) 24986-8766
1533;Viviane Herchenbach;-770331600000;vivianeherchenbach@tutanota.com;(051) 51737-5312
2640;Rogerio Cunha;-1590526800000;rogeriocunha@terra.com.br;(051) 33818-3427
4641;Pablo Paimfilho;-475707600000;pablopaimfilho@mail.ru;(063) 14289-8291
13986;Augusta Kuntz;619498800000;augustakuntz@yahoo.com;(028) 94955-9838
9366;Pablo Schreiber;-672440400000;pabloschreiber@inbox.com;(089) 59629-9388
16128;Valdinea Carolina;-328568400000;valdineacarolina@mail.aol.com;(084) 39626-8246
2250;Carla Bortoluzzi;-2156360012000;carlabortoluzzi@live.com;(039) 12867-8582
6328;Marilia Velho;-2238181200000;mariliavelho@hotmail.com;(037) 51335-9319
14528;Ursula Braga;-112136400000;ursulabraga@ig.com.br;(048) 87124-6119
2052;Nina Muniz;-878763600000;ninamuniz@globo.com;(046) 27286-3655
3664;Amin Elias;-600559200000;aminelias@protonmail.com;(054) 69417-3979
920;Nereo Maiochi;1424484000000;nereomaiochi@ig.com.br;(075) 74727-4394
4158;Tricia Padilha;-1407272400000;triciapadilha@hotmail.com;(069) 72286-5583
8352;Oraides Marega;501300000000;oraidesmarega@live.com;(036) 19469-9224
7456;Rossélio DerÉnusson;-864075600000;rossélioderÉnusson@tutanota.com;(044) 86914-2668
2340;Alba Becker;-2023476812000;albabecker@gmail.com;(061) 22459-6161
7050;Benito Reis;-1463000400000;benitoreis@ig.com.br;(022) 36732-9851
7552;Giulia Blumen;-1024866000000;giuliablumen@tutanota.com;(085) 96175-7575
2133;Gerson Albert;56343600000;gersonalbert@r7.com;(097) 11128-5554
2380;Giuliana Pais;-1522789200000;giulianapais@gmail.com;(015) 99713-2949
3346;Evair Pessoa;-284072400000;evairpessoa@protonmail.com;(097) 23296-7849
480;Wald Tenfen;1357264800000;waldtenfen@mail.yandex.com;(063) 28583-1568
3856;Sandra Ramos;-1627938000000;sandraramos@zoho.com;(017) 79287-7123
1936;Stefane Viana;-1801428812000;stefaneviana@gawab.com;(065) 81757-2333
2916;Dilson Mendonça;1486000800000;dilsonmendonça@mail.aol.com;(063) 37375-9822
5856;Marlene Biankm;-1384117200000;marlenebiankm@gawab.com;(065) 15258-6318
8820;Clotilde Macedo;-461797200000;clotildemacedo@gmail.com;(097) 61655-3879
5904;Marcos Marcos;1249441200000;marcosmarcos@live.com;(035) 37788-2563
11856;Geralda ValimjÚnior;-1726606800000;geraldavalimjÚnior@inbox.com;(037) 63784-9856
1736;Thauany Schiraus;1507258800000;thauanyschiraus@inbox.com;(085) 29745-2969
1245;Anastácia Bunn;-645742800000;anastáciabunn@lockbin.com;(065) 91321-5386
3500;Batista Wollinger;479703600000;batistawollinger@inbox.com;(036) 68878-9299
8032;Sueli TurnÊs;-724971600000;sueliturnÊs@mail.yandex.com;(031) 76251-5769
13608;Heron Kehrig;-506466000000;heronkehrig@yahoo.com;(091) 56964-6385
6072;Lais Justino;910663200000;laisjustino@zoho.com;(052) 95213-7935
11430;Julio Queiroz;-251499600000;julioqueiroz@live.com;(023) 78769-2597
2040;Olivier Fragas;-514328400000;olivierfragas@terra.com.br;(082) 27777-8883
16128;Dereck Alves;-611874000000;dereckalves@outlook.com;(096) 87777-8756
5140;Cleber Flor;-1797800012000;cleberflor@yahoo.com;(029) 95662-1971
18576;Xaukia Segata;-744238800000;xaukiasegata@inbox.com;(035) 16499-5218
9324;Inacio Dignoli;-25909200000;inaciodignoli@tutanota.com;(094) 67375-1631
7800;Lenemar Belarmino;-953931600000;lenemarbelarmino@outlook.com;(067) 27417-4723
522;Washington Bianchini;702442800000;washingtonbianchini@r7.com;(044) 21882-9571
8384;Narciso Noriler;-603061200000;narcisonoriler@bigstring.com;(051) 46248-1756
1052;Abraão Schotten;161406000000;abraãoschotten@mail.ru;(042) 21889-6745
14256;Zelinda RodejÚnior;1136512800000;zelindarodejÚnior@outlook.com;(041) 64715-2528
9540;Judas Franzener;-128815200000;judasfranzener@protonmail.com;(075) 12464-8987
1596;Ráriton Ribeiro;-1067115600000;ráritonribeiro@r7.com;(047) 89127-3934
16821;América FranÇa;-972853200000;américafranÇa@protonmail.com;(061) 97562-4942
9648;Gil PitzjÚnior;1323741600000;gilpitzjÚnior@yahoo.com;(011) 84658-4996
1076;Samira Juttelfilho;-1020200400000;samirajuttelfilho@terra.com.br;(087) 93726-2526
2160;Irineu Helfer;-974926800000;irineuhelfer@inbox.com;(028) 12185-7387
4878;Karyne Rosafilho;1073008800000;karynerosafilho@zoho.com;(012) 39193-9942
1632;Gerson Guthemberg;-1462482000000;gersonguthemberg@mail.yandex.com;(019) 85417-7863
1638;Glória Dorneles;-1789851212000;glóriadorneles@mail.yandex.com;(018) 98663-5935
8220;Cassiane Junckes;818992800000;cassianejunckes@tutanota.com;(044) 93167-6339
19800;Eloy Felber;-1845147212000;eloyfelber@mail.ru;(023) 35144-6131
9660;Kédma Bianchini;-686610000000;kédmabianchini@protonmail.com;(019) 48249-3652
7756;Alceu Hulrich;-1509224400000;alceuhulrich@live.com;(077) 44432-7824
4170;Marisa Sax;-1157835600000;marisasax@zoho.com;(012) 21375-5354
1674;Apolo Castro;486788400000;apolocastro@mail.ru;(017) 65915-6832
840;Onofre Moreira;-785538000000;onofremoreira@hotmail.com;(082) 99166-1214
15736;Natasha Batista;474778800000;natashabatista@globo.com;(068) 23371-5682
10152;Angel Bason;-255128400000;angelbason@yahoo.com;(025) 14522-6163
5094;Abraão Bason;-1901825612000;abraãobason@outlook.com;(016) 57522-1935
15336;Jefferson Constant;-2216322000000;jeffersonconstant@outlook.com;(083) 78588-8558
6840;Lolita Nienchotter;1294279200000;lolitanienchotter@gmail.com;(052) 67393-3918
2288;Angela Erthal;-2069873612000;angelaerthal@gmail.com;(065) 89163-5379
6888;Milena Ferraz;17118000000;milenaferraz@tutanota.com;(046) 43449-5664
20736;Lenora Madureira;351658800000;lenoramadureira@protonmail.com;(082) 12472-9229
15606;Demétrio Barthes;613882800000;demétriobarthes@live.com;(017) 72232-4957
3480;Fabian Meireles;-907966800000;fabianmeireles@outlook.com;(067) 38643-8887
2619;Adelinda Garozi;1224385200000;adelindagarozi@outlook.com;(021) 67314-9743
2628;Otelo Claudino;-2168196812000;oteloclaudino@r7.com;(062) 36999-9257
3516;Oswaldo Bohne;-126223200000;oswaldobohne@inbox.com;(073) 68433-6399
5880;Valmir Weirich;-1001192400000;valmirweirich@inbox.com;(033) 34126-3242
8850;Pedro Nenemann;-1403038800000;pedronenemann@lockbin.com;(067) 25939-5197
7992;Célio Kichner;-549147600000;céliokichner@live.com;(056) 43332-6579
4455;Alana Gauloski;-1698613200000;alanagauloski@yahoo.com;(044) 88833-2358
3576;Leonardo Selva;-698446800000;leonardoselva@globo.com;(027) 22171-4218
10764;Zenaide Solek;1526526000000;zenaidesolek@gawab.com;(091) 43777-6768
4800;Joana Truppel;1077850800000;joanatruppel@hotmail.com;(076) 34293-3952
4515;Chaylla Venturi;-1700514000000;chayllaventuri@ig.com.br;(076) 46259-6822
5436;Peter GorgesjÚnior;-765752400000;petergorgesjÚnior@terra.com.br;(051) 83797-9484
7272;Andressa Neuhaus;116564400000;andressaneuhaus@mail.yandex.com;(062) 39733-7337
3648;Wanda Sousa;-1219352400000;wandasousa@outlook.com;(041) 97974-3676
2440;Néia LeveckjÚnior;1022900400000;néialeveckjÚnior@lockbin.com;(043) 84673-9515
22032;Wald CustÓdia;-1872017612000;waldcustÓdia@globo.com;(081) 88877-2478
2763;Valeria Aguiar;-1849208012000;valeriaaguiar@globo.com;(022) 69534-9666
924;Domingos Bornhofen;-1243198800000;domingosbornhofen@protonmail.com;(054) 48465-2984
16686;Breno VambÖmmel;207198000000;brenovambÖmmel@outlook.com;(036) 88173-5751
2790;Joana Ferretti;-1365541200000;joanaferretti@zoho.com;(094) 14159-5387
7464;Nilda Janming;-1166392800000;nildajanming@ig.com.br;(098) 19599-1191
6552;Ubaldino Bentodasilva;286426800000;ubaldinobentodasilva@protonmail.com;(037) 75813-6925
22536;George Bogo;791344800000;georgebogo@mail.ru;(061) 76558-5272
4710;Cesar Veber;-2177268812000;cesarveber@bigstring.com;(025) 16613-3548
15120;Saul Andrade;718254000000;saulandrade@r7.com;(056) 82933-1681
11376;Carole Perardt;-620427600000;caroleperardt@hotmail.com;(079) 31623-5634
4438;Dulcineia Grafer;185770800000;dulcineiagrafer@outlook.com;(017) 38978-2732
1272;Ligia Dominoni;-1993668812000;ligiadominoni@protonmail.com;(051) 44246-8733
2552;Marilia Morais;192682800000;mariliamorais@inbox.com;(072) 71527-3214
9600;Lorraine Prust;1114916400000;lorraineprust@lockbin.com;(047) 41678-4143
10272;Luis Gocks;-1007413200000;luisgocks@ig.com.br;(085) 86593-6619
2576;Silvain Peçanha;1519009200000;silvainpeçanha@mail.ru;(065) 89864-5189
3876;Marcia Mafra;-1716843600000;marciamafra@protonmail.com;(077) 19344-8453
8748;Alessandra DalÇoquio;789530400000;alessandradalÇoquio@hotmail.com;(032) 59218-5562
14625;Eneida AdÉlia;-1094158800000;eneidaadÉlia@mail.yandex.com;(016) 52635-1127
1956;Dominique Paiva;945309600000;dominiquepaiva@zoho.com;(055) 11947-3466
8175;Josie Guckert;1569121200000;josieguckert@mail.yandex.com;(058) 22335-1956
11808;Casimiro Woss;1146279600000;casimirowoss@zoho.com;(037) 51872-5161
6909;Rogeria BrÖring;-2086635212000;rogeriabrÖring@gmail.com;(034) 49929-1244
1980;Raquel Trocat;-290898000000;raqueltrocat@lockbin.com;(059) 56945-7281
6620;Silvia Migliolli;545281200000;silviamigliolli@live.com;(088) 43863-8779
17928;Barbara Médici;-2002222412000;barbaramédici@terra.com.br;(068) 34653-5576
1998;Moises Gomes;-612392400000;moisesgomes@zoho.com;(024) 64195-5353
18704;Oswaldo Santiago;-1832273612000;oswaldosantiago@globo.com;(039) 38597-9459
16415;Hanna Mendes;136954800000;hannamendes@mail.ru;(057) 19596-8864
3360;Dulcineia Miguel;1263780000000;dulcineiamiguel@terra.com.br;(043) 63427-9669
1685;Sidney Goulart;1003284000000;sidneygoulart@lockbin.com;(068) 33725-8928
1014;Ademar Hungria;563853600000;ademarhungria@gawab.com;(029) 54628-2931
11865;Lívia TrierweillerjÚnior;-1208466000000;líviatrierweillerjÚnior@live.com;(049) 93339-2427
2040;Valentina Dubiela;-1433970000000;valentinadubiela@ig.com.br;(016) 88464-7551
5456;Alfredo Abromoviztfilho;-481755600000;alfredoabromoviztfilho@mail.aol.com;(061) 56397-7715
15390;Jacqueline Almeida;-1164837600000;jacquelinealmeida@terra.com.br;(093) 23854-8252
21609;Silverio Franciozi;1007690400000;silveriofranciozi@zoho.com;(074) 16897-2825
12040;Lenemar Schwambach;-1770670412000;lenemarschwambach@ig.com.br;(013) 66834-3525
12420;Zyndal Portugal;-1082926800000;zyndalportugal@tutanota.com;(028) 35145-1375
5536;Sioma Hillesheim;390279600000;siomahillesheim@ig.com.br;(088) 32488-9768
12492;Maureen Ferrão;-1094850000000;maureenferrão@mail.ru;(011) 84866-9112
4176;Roger Goebel;721360800000;rogergoebel@mail.yandex.com;(014) 12417-4351
10470;Carlota Faria;-1654462800000;carlotafaria@mail.yandex.com;(062) 51467-9365
2800;Giancarlo Pinto;-743806800000;giancarlopinto@hotmail.com;(093) 99527-6416
351;Lindsey Alves;855280800000;lindseyalves@r7.com;(059) 54516-5115
12672;Crigor Santarrosa;-1010955600000;crigorsantarrosa@zoho.com;(093) 12281-4529
12355;Jeremias Abreu;673498800000;jeremiasabreu@mail.aol.com;(017) 98345-3948
4248;Jason Soares;-668725200000;jasonsoares@mail.aol.com;(043) 11948-4443
2130;Thelma Nogueira;-1791060812000;thelmanogueira@bigstring.com;(041) 89359-2557
1780;Dieter Baptista;-1658091600000;dieterbaptista@terra.com.br;(045) 19791-4547
14994;Rosalia Farias;-1885150412000;rosaliafarias@zoho.com;(039) 57357-5649
1432;Felinto Cyrino;-1788209612000;felintocyrino@gawab.com;(049) 78732-6923
2872;Carol Wagner;-1980017612000;carolwagner@inbox.com;(033) 25951-4815
360;Alex Varela;914119200000;alexvarela@outlook.com;(024) 61163-3817
15162;Denise Varela;-662763600000;denisevarela@gawab.com;(098) 94671-5168
9774;Melayne Carraro;325825200000;melaynecarraro@lockbin.com;(061) 89936-3254
13068;Gianfranco PereirajÚnior;-1348952400000;gianfrancopereirajÚnior@yahoo.com;(062) 47961-6631
4368;Levi Hasse;-76453200000;levihasse@tutanota.com;(045) 61136-3287
8760;Madalena Schell;1243393200000;madalenaschell@lockbin.com;(032) 74873-3376
10980;Thelma Meurer;-1417122000000;thelmameurer@bigstring.com;(037) 91491-6693
5138;Yara Scherer;793854000000;yarascherer@bigstring.com;(096) 27319-1552
9936;Odherban Kleiner;932785200000;odherbankleiner@zoho.com;(096) 78826-5372
12915;Teodora Kretzer;-1971291212000;teodorakretzer@terra.com.br;(064) 87284-1217
5180;Gian Kons;-2118862412000;giankons@mail.yandex.com;(054) 64424-8231
13356;Sharon Bernades;-2210360400000;sharonbernades@r7.com;(097) 34453-8133
4464;Roney Luchttenberg;-1577739600000;roneyluchttenberg@bigstring.com;(047) 99943-7539
2984;Zilá BrÜggmann;-1165269600000;zilábrÜggmann@bigstring.com;(019) 34796-7868
15708;Gudrun Ottiquir;375418800000;gudrunottiquir@mail.ru;(069) 85715-7387
3375;Paula SilvÉrio;1390356000000;paulasilvÉrio@lockbin.com;(021) 99712-4258
18048;Mateus Grafer;1252378800000;mateusgrafer@globo.com;(046) 33617-7867
13572;Marucia Pacheco;115268400000;maruciapacheco@ig.com.br;(076) 43341-8358
15120;Ney Hermesmeyer;-2048100812000;neyhermesmeyer@ig.com.br;(084) 12466-5754
21224;Olavo Momm;1346382000000;olavomomm@inbox.com;(039) 88189-8674
9120;Mariana Diel;1430276400000;marianadiel@lockbin.com;(053) 28183-5682
6858;Marilia Camino;-121471200000;mariliacamino@zoho.com;(058) 26168-8218
6876;Brenda Costafilho;-1638565200000;brendacostafilho@yahoo.com;(042) 48134-9171
9192;Cassia Rolim;1410231600000;cassiarolim@hotmail.com;(075) 45467-9446
16128;Elide ValimjÚnior;1183950000000;elidevalimjÚnior@r7.com;(014) 93372-8136
3850;Cecília Thiesen;975204000000;cecíliathiesen@bigstring.com;(096) 12188-9115
15440;Aidée Civinski;-1990385612000;aidéecivinski@mail.aol.com;(019) 26592-4132
6966;Damiano Weiser;753933600000;damianoweiser@gawab.com;(028) 24587-6872
12416;Belinda Roncalio;-1855342412000;belindaroncalio@live.com;(087) 98512-7294
4668;Cristiane Herchenbach;-2087326412000;cristianeherchenbach@mail.yandex.com;(077) 17716-8481
9750;Olga ParedesjÚnior;795322800000;olgaparedesjÚnior@gmail.com;(074) 75736-9998
8211;Hanna Roberge;-246056400000;hannaroberge@mail.yandex.com;(012) 72478-1341
25088;Filomena Ferreira;1087268400000;filomenaferreira@mail.aol.com;(021) 46712-5728
1965;Thais Camões;-697150800000;thaiscamões@r7.com;(062) 81996-4615
28368;Marilda Figo;-1272834000000;marildafigo@mail.aol.com;(096) 67312-9517
9480;Geralda Voss;221454000000;geraldavoss@inbox.com;(038) 74595-2794
8316;Corina Oliveira;-194306400000;corinaoliveira@lockbin.com;(029) 74396-3777
15880;Olivier Valente;-1553202000000;oliviervalente@zoho.com;(041) 94772-4742
3582;Marcio Klaumann;-1117400400000;marcioklaumann@mail.yandex.com;(084) 46532-7317
11172;Ananda Leveck;-1366405200000;anandaleveck@live.com;(091) 53182-7311
9600;Perla Ahid;-1052946000000;perlaahid@live.com;(074) 28227-1991
16040;Martina Editefernandes;457930800000;martinaeditefernandes@live.com;(042) 18753-2218
12864;Rogerio Simones;-1977166412000;rogeriosimones@tutanota.com;(027) 48782-3298
6448;Alba MendonÇa;669697200000;albamendonÇa@gawab.com;(019) 11692-4844
25452;Kleiton Prado;1103335200000;kleitonprado@ig.com.br;(046) 91265-5669
12960;Vanderley Sehn;956545200000;vanderleysehn@r7.com;(044) 85258-8974
29232;Heron Rochei;925873200000;heronrochei@tutanota.com;(028) 15234-6326
8547;Evandro Azeredo;-1186088400000;evandroazeredo@tutanota.com;(099) 28939-5847
22032;Ester Fonseca;1240023600000;esterfonseca@globo.com;(059) 88191-4871
13088;Nayma SchÜrhaus;-226530000000;naymaschÜrhaus@yahoo.com;(079) 38847-1681
25830;Maureen Figo;-662850000000;maureenfigo@live.com;(057) 62575-9155
4932;Venâncio Elias;1092625200000;venâncioelias@inbox.com;(057) 49517-5278
2472;Lis Carmo;66020400000;liscarmo@protonmail.com;(047) 96662-1148
14868;Sebastião VieirajÚnior;-1606856400000;sebastiãovieirajÚnior@mail.yandex.com;(021) 55128-1531
19872;Melania Rodriguesdasilva;-1123189200000;melaniarodriguesdasilva@live.com;(042) 47717-6821
18675;Angelina Gipp;-2076612812000;angelinagipp@tutanota.com;(081) 38716-9212
12480;Vanderley Maggio;-1010955600000;vanderleymaggio@gawab.com;(058) 91364-4314
30024;Suzete Simones;1241492400000;suzetesimones@zoho.com;(045) 51953-4559
10032;Rosa Carmo;-1254344400000;rosacarmo@ig.com.br;(081) 15858-1732
23464;Enio FermÖhlen;532490400000;eniofermÖhlen@globo.com;(074) 19315-7229
15120;Romeu Tuschinski;286772400000;romeutuschinski@bigstring.com;(018) 17326-8766
17682;Carmela Leinecker;-437778000000;carmelaleinecker@ig.com.br;(039) 64562-5558
3376;Chaylla Constante;752119200000;chayllaconstante@lockbin.com;(053) 16964-4137
5076;Sócrates Romão;-1256245200000;sócratesromão@yahoo.com;(076) 38598-5382
1696;Alfeu Momm;143521200000;alfeumomm@bigstring.com;(074) 61514-1715
2550;Damiano Schuhmacherneto;-133131600000;damianoschuhmacherneto@lockbin.com;(066) 96968-9783
30672;Rosicler Halla;-1307739600000;rosiclerhalla@mail.aol.com;(086) 92549-7674
8967;Gabriela Heiderscheid;-457822800000;gabrielaheiderscheid@globo.com;(021) 72227-8571
10272;Veronica Koch;1101088800000;veronicakoch@outlook.com;(041) 75365-8386
15444;Otaviano Gomes;1288058400000;otavianogomes@mail.aol.com;(091) 54445-9458
5160;Ursulina Pereira;391834800000;ursulinapereira@yahoo.com;(032) 78753-6721
12930;Conrado Lacerda;-98143200000;conradolacerda@gmail.com;(011) 22851-5945
13824;Sumaia Filla;-998168400000;sumaiafilla@globo.com;(054) 98273-1961
9093;Lisley Ramlow;-886712400000;lisleyramlow@zoho.com;(016) 95152-3452
35154;Luis Nau;-598140000000;luisnau@live.com;(092) 81269-1337
19575;Rossandra Viana;-981752400000;rossandraviana@ig.com.br;(071) 54528-8888
2616;Samanta Amorim;-1871844812000;samantaamorim@inbox.com;(042) 88599-5761
8740;Ediraldo Bohun;-1984078412000;ediraldobohun@inbox.com;(022) 11197-6348
1752;Celene Felippus;-2168110412000;celenefelippus@gawab.com;(056) 19646-9654
2195;Thauany Nienchotter;561610800000;thauanynienchotter@lockbin.com;(053) 63566-5879
2200;Mantovaine Bratfich;993783600000;mantovainebratfich@lockbin.com;(091) 53693-7238
15435;Rogerio Mello;-1239742800000;rogeriomello@hotmail.com;(062) 59656-3525
2652;Randolpho Neckel;-2219518800000;randolphoneckel@r7.com;(037) 35727-8719
10632;Heraldo Ahid;-2101928012000;heraldoahid@protonmail.com;(067) 64471-1272
4440;Ivana Jahm;-1681333200000;ivanajahm@lockbin.com;(098) 92292-1968
10680;Fernando Baumer;-1388523600000;fernandobaumer@mail.aol.com;(076) 31199-8766
20070;Cacilda Dama;-1523998800000;cacildadama@mail.aol.com;(034) 91134-1336
14304;Graça Salles;1372388400000;graçasalles@gawab.com;(024) 96541-9333
1792;Telcilene Reis;-41806800000;telcilenereis@gmail.com;(088) 28161-2986
16164;Anabelle Figueiredo;354855600000;anabellefigueiredo@outlook.com;(041) 57124-1936
11250;Renato Laudelina;-1111266000000;renatolaudelina@terra.com.br;(083) 26738-4949
2255;Valdinea Gaertner;-128124000000;valdineagaertner@outlook.com;(078) 32177-5987
1356;Alexsander BÖing;-108939600000;alexsanderbÖing@protonmail.com;(057) 19718-2968
10872;Newton Eifeler;436676400000;newtoneifeler@globo.com;(049) 16844-7186
4540;Estevão Fedhaus;967777200000;estevãofedhaus@terra.com.br;(053) 71683-7551
25480;Carmelo SouzajÚnior;-1605474000000;carmelosouzajÚnior@zoho.com;(052) 38393-3653
24624;Eulalia Stuehler;257742000000;eulaliastuehler@lockbin.com;(085) 55294-4887
1371;Anthony Longen;-1431032400000;anthonylongen@protonmail.com;(095) 85571-7167
1374;Teresa Laurindo;116305200000;teresalaurindo@yahoo.com;(015) 84731-3777
20655;Cléo Martendal;-2130612812000;cléomartendal@mail.yandex.com;(062) 83898-1148
29440;Jucilene Macedo;608958000000;jucilenemacedo@gawab.com;(013) 77165-3814
4610;Geilsa Freire;1306638000000;geilsafreire@globo.com;(015) 32877-2798
2772;Amadeu Haskel;1429066800000;amadeuhaskel@gmail.com;(016) 32345-1172
11575;Doris Hungria;-623714400000;dorishungria@zoho.com;(062) 95594-8859
2784;Patricia Perardt;-894488400000;patriciaperardt@lockbin.com;(011) 35857-9318
3255;Bolivar Fedhaus;-475966800000;bolivarfedhaus@inbox.com;(076) 79743-1991
29358;Angélica Kuipers;-784069200000;angélicakuipers@yahoo.com;(064) 24547-1549
7472;Christian Huller;-1677704400000;christianhuller@hotmail.com;(065) 37453-2463
19656;Audrey Dalmolin;-1298667600000;audreydalmolin@gawab.com;(066) 28613-3642
9849;Alaíde Coradelli;-572302800000;alaídecoradelli@lockbin.com;(046) 46755-2189
29610;Inês Cabral;62996400000;inêscabral@r7.com;(055) 91711-2718
4710;Wanderleia Constant;-792795600000;wanderleiaconstant@zoho.com;(024) 48591-5114
4720;Zita Laurindo;-1099083600000;zitalaurindo@outlook.com;(048) 85959-2873
16555;Jeane Kalbusch;538452000000;jeanekalbusch@mail.yandex.com;(045) 72635-8215
9954;Caetano Beretta;-1203631200000;caetanoberetta@lockbin.com;(034) 45742-9235
12825;Ursula Pedrosa;-1701723600000;ursulapedrosa@mail.yandex.com;(056) 79893-9936
5712;Jasmim Cunha;-754002000000;jasmimcunha@protonmail.com;(094) 35479-9997
3339;Hector Curado;734065200000;hectorcurado@inbox.com;(068) 79489-7961
3346;Aquiles Trierweillerfilho;-1501016400000;aquilestrierweillerfilho@mail.aol.com;(079) 72344-3881
11496;Adalberto Diederich;-687646800000;adalbertodiederich@yahoo.com;(033) 69235-6556
4320;Yasson Wassen;-1848516812000;yassonwassen@outlook.com;(026) 25563-2646
19240;Romulo Kuessner;848973600000;romulokuessner@ig.com.br;(045) 92311-5761
4338;Otto Greipel;-1301864400000;ottogreipel@lockbin.com;(031) 92163-7548
8694;Ediraldo Amorimneto;241758000000;ediraldoamorimneto@bigstring.com;(053) 22353-7128
15488;Telcilene Erthal;-1316379600000;telcileneerthal@bigstring.com;(013) 75515-9298
7275;Aidée Gessersobrinho;292388400000;aidéegessersobrinho@outlook.com;(019) 48871-2219
13608;Linda Zirchen;-392245200000;lindazirchen@ig.com.br;(068) 52222-8714
2922;Gudrun Souzapires;-1606770000000;gudrunsouzapires@inbox.com;(097) 79549-4827
17080;Fátima Valadares;-1965934412000;fátimavaladares@mail.yandex.com;(077) 38774-5489
8802;Felipe BrÜggemann;-1981832012000;felipebrÜggemann@zoho.com;(038) 86752-6279
4900;Cassio SenemjÚnior;-1046120400000;cassiosenemjÚnior@globo.com;(094) 56144-2957
5892;Eduardo Grahlfilho;-1065474000000;eduardograhlfilho@zoho.com;(061) 42756-6713
11808;Milton Ustra;-1397768400000;miltonustra@lockbin.com;(095) 36168-8428
15776;Ingrid Camargo;-1932152012000;ingridcamargo@globo.com;(092) 34253-9838
3458;Lilian Eli;1052017200000;lilianeli@terra.com.br;(032) 61887-4166
35640;Caiã Silva;1032058800000;caiãsilva@yahoo.com;(021) 97836-9898
31248;Giovana BÖing;-2202238412000;giovanabÖing@globo.com;(058) 36515-2688
8946;Lesley Abromoviztfilho;146804400000;lesleyabromoviztfilho@globo.com;(017) 61182-7866
15936;Ofélia Nóbrega;-110322000000;ofélianóbrega@globo.com;(031) 12193-8182
7984;Idiene Schweitzer;663991200000;idieneschweitzer@lockbin.com;(052) 34922-4478
24500;Edmilson Theiss;784519200000;edmilsontheiss@inbox.com;(081) 62239-1262
14028;Bonifácio Tambose;-2130612812000;bonifáciotambose@outlook.com;(023) 51554-4418
36144;Sarina Bohun;-1420232400000;sarinabohun@mail.ru;(049) 28568-1378
4527;Arminda Ono;-723934800000;armindaono@ig.com.br;(096) 39278-3251
16128;Haidee Carvalho;-742338000000;haideecarvalho@terra.com.br;(038) 95647-7539
18180;Cleonice InÁcio;-159483600000;cleoniceinÁcio@globo.com;(037) 85927-8968
15180;Brás Nadalin;625802400000;brásnadalin@bigstring.com;(014) 83275-9276
24843;Jennifer Buss;-896994000000;jenniferbuss@terra.com.br;(097) 17218-7514
4064;Caique Encarnação;420346800000;caiqueencarnação@lockbin.com;(036) 84288-5189
9162;Erica Tuschinskineto;426394800000;ericatuschinskineto@gawab.com;(077) 47727-3195
4080;Ráriton Coradelli;-38955600000;ráritoncoradelli@r7.com;(065) 57551-3229
3066;Bartira Lueckmann;1517191200000;bartiralueckmann@globo.com;(053) 13485-6676
10240;Liney Prestes;-896734800000;lineyprestes@gmail.com;(092) 85192-9364
6156;Silvana Franzener;-1116536400000;silvanafranzener@mail.yandex.com;(068) 27872-2276
4112;Matilde Barni;-1371934800000;matildebarni@yahoo.com;(089) 85731-4522
37080;Cristina Heerdt;-1104267600000;cristinaheerdt@bigstring.com;(045) 13764-9861
2580;Dilma Terruel;1453946400000;dilmaterruel@r7.com;(062) 55952-5765
6204;Roseli Felisberta;-548197200000;roselifelisberta@mail.ru;(044) 68388-2319
37296;Leonardo Civinski;926564400000;leonardocivinski@yahoo.com;(026) 93644-7431
2076;Adelinda Gorges;-1110834000000;adelindagorges@yahoo.com;(039) 86957-9118
42120;Feliciano Albino;-2181502412000;felicianoalbino@zoho.com;(033) 46433-4837
12504;Ivete Gusmão;769662000000;ivetegusmão@ig.com.br;(064) 53865-8723
4698;Igor Amorimneto;-2105297612000;igoramorimneto@outlook.com;(047) 53969-9377
4707;Egle Schuch;-1006030800000;egleschuch@inbox.com;(099) 99237-1658
15720;Rosa Parma;-1432846800000;rosaparma@tutanota.com;(046) 99342-8513
3150;Ariane Selva;992314800000;arianeselva@yahoo.com;(066) 49334-5976
14728;Teobaldo Hungaro;-790290000000;teobaldohungaro@mail.aol.com;(079) 19168-5381
23715;Ivich Weber;-850424400000;ivichweber@gawab.com;(024) 62299-6764
38016;Cleonir Roberge;-67298400000;cleonirroberge@protonmail.com;(022) 92882-3856
5290;Klaus May;-414450000000;klausmay@yahoo.com;(083) 66512-9844
1590;Lilian Garrastazu;-1713733200000;liliangarrastazu@ig.com.br;(037) 74359-8723
33453;Odorico Freitas;-2121368012000;odoricofreitas@r7.com;(069) 55397-8195
1596;Valeria Rolim;-1560978000000;valeriarolim@zoho.com;(067) 39867-8662
6396;Mohsen Brito;-747522000000;mohsenbrito@protonmail.com;(023) 93882-7925
12816;Raul Molinari;-1212786000000;raulmolinari@mail.aol.com;(076) 59586-6441
3210;Sophia Schere;673930800000;sophiaschere@protonmail.com;(013) 35169-4167
9648;Evelyn Braga;-1132347600000;evelynbraga@gawab.com;(076) 33592-2352
11277;Dimas Hartkopfff;1261274400000;dimashartkopfff@tutanota.com;(039) 56969-2226
4842;Sebastião MendonÇa;1127617200000;sebastiãomendonÇa@mail.yandex.com;(021) 92876-4313
5390;Sandra Reckelberg;-1829940812000;sandrareckelberg@mail.aol.com;(099) 58173-4454
6480;Inês Kristel;-1943556812000;inêskristel@zoho.com;(072) 16279-7652
12984;George Mayer;600314400000;georgemayer@r7.com;(088) 28162-9888
15176;Armando Laranja;720324000000;armandolaranja@lockbin.com;(054) 53767-9958
2172;Gioconda Ferrão;-2211224400000;giocondaferrão@yahoo.com;(082) 77474-2572
8160;Celeste Fernandes;-131922000000;celestefernandes@ig.com.br;(064) 38589-9476
4360;Eurico Efftingmay;398055600000;euricoefftingmay@lockbin.com;(061) 49783-9757
546;Blanca Pantoja;-1600808400000;blancapantoja@tutanota.com;(014) 65369-2826
8752;Guido VermÖhlen;9514800000;guidovermÖhlen@protonmail.com;(044) 67221-1258
4384;Wilson Heck;-1711054800000;wilsonheck@protonmail.com;(089) 41495-8411
6588;Valdir ChagasjÚnior;-2181243212000;valdirchagasjÚnior@mail.aol.com;(027) 74317-2858
8250;Sheila Wilwert;-1030395600000;sheilawilwert@gawab.com;(087) 38264-8964
13224;Joselma Welter;22906800000;joselmawelter@bigstring.com;(026) 94262-9927
4968;Everaldo Sabino;965098800000;everaldosabino@terra.com.br;(041) 24399-2122
30968;Giulia Rubick;-920149200000;giuliarubick@live.com;(022) 47715-5513
17728;Edilson Filagrana;599364000000;edilsonfilagrana@live.com;(052) 56991-9481
9990;Mario Steffens;-1499979600000;mariosteffens@ig.com.br;(043) 87357-4149
8340;Carole Siqueira;518410800000;carolesiqueira@yahoo.com;(038) 13572-8187
6684;Douglas Borges;-1799355212000;douglasborges@mail.ru;(025) 61851-4694
31248;Clície Sousa;-1382907600000;clíciesousa@terra.com.br;(082) 79329-4928
6708;Amalia Comper;1090119600000;amaliacomper@lockbin.com;(088) 35731-4445
20160;Gilson Freyn;-1540242000000;gilsonfreyn@globo.com;(078) 38522-5341
1683;Sheila Tavares;-1763499600000;sheilatavares@inbox.com;(076) 39486-1989
562;Kleiton Dorneles;289710000000;kleitondorneles@zoho.com;(014) 61926-7269
35469;Luana Zoccante;-383000400000;luanazoccante@r7.com;(098) 94122-2921
31584;Brenda Moresco;254372400000;brendamoresco@inbox.com;(046) 95832-7848
18080;Hermano Efftingmay;-1716843600000;hermanoefftingmay@hotmail.com;(044) 36749-3623
20376;Deidre Martinelli;-99266400000;deidremartinelli@protonmail.com;(073) 61549-3774
7938;Isaac Prestes;1178074800000;isaacprestes@outlook.com;(018) 36792-6634
3408;Janete ConceiÇÃo;-935010000000;janeteconceiÇÃo@zoho.com;(098) 89867-3217
3414;Aryana Paulino;-1430773200000;aryanapaulino@bigstring.com;(073) 64557-1718
7980;Dieter Scherer;-763333200000;dieterscherer@gmail.com;(081) 67622-7694
2284;Adamastor Pais;-63151200000;adamastorpais@inbox.com;(055) 31885-9117
36608;Sebastian Laudelina;-558392400000;sebastianlaudelina@gawab.com;(037) 38814-2487
14325;Dunia SilvÉrio;104641200000;duniasilvÉrio@hotmail.com;(016) 46473-4253
24108;Edmagna Raitz;578977200000;edmagnaraitz@lockbin.com;(069) 21183-9745
6900;Candida Pfleger;-2121713612000;candidapfleger@live.com;(022) 88562-2794
2880;Kate Bastos;110602800000;katebastos@protonmail.com;(091) 76929-5529
16156;Graça Steinbach;-585694800000;graçasteinbach@r7.com;(018) 57964-4724
41616;Abraão FelaÇo;279514800000;abraãofelaÇo@tutanota.com;(022) 41278-8895
5211;Yanna Fragas;-455058000000;yannafragas@globo.com;(071) 76656-8159
20300;Cristina Monteiro;511844400000;cristinamonteiro@r7.com;(018) 87911-2795
3486;Marilu Bennert;-2109012812000;marilubennert@bigstring.com;(014) 15657-9589
16296;Abigail Felzer;-1066597200000;abigailfelzer@inbox.com;(022) 33214-4856
6996;Ligia Magna;33361200000;ligiamagna@ig.com.br;(029) 27648-3954
15768;Jucilene Araujo;8046000000;jucilenearaujo@terra.com.br;(091) 75894-6592
20475;Luciene Schweizer;-2025636812000;lucieneschweizer@bigstring.com;(029) 96749-9399
3516;Diana Bornhofer;-209509200000;dianabornhofer@hotmail.com;(086) 41669-9953
24654;Basilio Clemente;-507502800000;basilioclemente@zoho.com;(012) 69659-3547
14112;Charlote Pascoal;-775170000000;charlotepascoal@tutanota.com;(038) 24772-3875
16492;Juliana Orsi;-848869200000;julianaorsi@mail.aol.com;(052) 64296-4116
2360;Brás Bianchini;-405205200000;brásbianchini@outlook.com;(082) 74337-3874
15957;Ciro HÜntemann;-1518901200000;cirohÜntemann@gmail.com;(065) 72827-7174
2368;Marise Camprestini;-1535662800000;marisecamprestini@globo.com;(035) 45579-9362
32022;Valentino Rengel;-413154000000;valentinorengel@gmail.com;(063) 54128-9821
1188;Luciana Rusch;573620400000;lucianarusch@terra.com.br;(025) 51971-7148
19040;Evelyn Pellenz;85546800000;evelynpellenz@outlook.com;(071) 67848-8561
38144;Giulia Scherer;42433200000;giuliascherer@ig.com.br;(081) 99525-6818
597;Adão Roza;-1325451600000;adãoroza@protonmail.com;(063) 47357-8674
16146;Stephanie Hoepers;1247540400000;stephaniehoepers@mail.ru;(047) 97645-7353
21564;Waldir Winter;-1990212812000;waldirwinter@tutanota.com;(011) 35935-1348
1800;Carmelo Rode;606020400000;carmelorode@yahoo.com;(012) 79854-8945
5409;Dominique Juttelfilho;-1225659600000;dominiquejuttelfilho@ig.com.br;(038) 98468-8334
14448;Cauê Gama;-888094800000;cauêgama@gmail.com;(038) 21247-5931
21708;Milane Moraes;1278126000000;milanemoraes@mail.aol.com;(025) 32291-6256
16308;Roberto Widemann;1427943600000;robertowidemann@zoho.com;(094) 15351-9684
3025;Marise Eger;-1478120400000;mariseeger@zoho.com;(049) 64515-5529
33936;Margareth Bergler;1008295200000;margarethbergler@yahoo.com;(075) 76194-4512
1214;Tônia Backes;478753200000;tôniabackes@zoho.com;(075) 67486-3797
10944;Wesley Álvares;172033200000;wesleyÁlvares@ig.com.br;(041) 59623-6744
8526;Hilda Pauleto;1455933600000;hildapauleto@yahoo.com;(075) 94331-9915
43920;Helmut Hungaro;-378507600000;helmuthungaro@mail.yandex.com;(096) 57854-1723
19552;Renato Amorimneto;-1891716812000;renatoamorimneto@outlook.com;(022) 77824-7539
12240;Ozias Hora;-1284238800000;oziashora@inbox.com;(019) 25798-4559
18390;Tania BÜcler;-1010869200000;taniabÜcler@inbox.com;(084) 88847-4516
21490;Basilio Trierweiler;1284174000000;basiliotrierweiler@yahoo.com;(025) 25134-5473
34440;Edith Hortmann;833511600000;edithhortmann@hotmail.com;(069) 64548-7675
33264;Yasmin Leite;-2005851212000;yasminleite@protonmail.com;(098) 27417-6167
3702;Olavo Dias;-1362344400000;olavodias@mail.yandex.com;(078) 94322-5627
25956;Germana Serra;651294000000;germanaserra@bigstring.com;(044) 26594-5274
4333;Sheeva ScarionejÚnior;-1377896400000;sheevascarionejÚnior@mail.ru;(095) 71735-4838
9300;Brayan Carnaval;787370400000;brayancarnaval@hotmail.com;(057) 32948-6268
50301;Ivani Garozi;-633992400000;ivanigarozi@lockbin.com;(035) 95446-4571
14928;Sibele Altenburg;769057200000;sibelealtenburg@mail.aol.com;(077) 47272-2947
15575;Fabrícia Lueckmann;-1499288400000;fabrícialueckmann@gmail.com;(034) 32572-8912
4368;Plinio Hering;205124400000;pliniohering@live.com;(092) 11639-7218
40000;Valentino Grippa;449722800000;valentinogrippa@bigstring.com;(066) 78778-2933
45072;Alex Marlisassi;-1474318800000;alexmarlisassi@zoho.com;(063) 14149-3171
21945;Zilena VieirajÚnior;-258930000000;zilenavieirajÚnior@lockbin.com;(046) 26451-6617
8792;Petra Ely;1233540000000;petraely@mail.yandex.com;(039) 59784-3839
3774;Brisa Rochei;-313362000000;brisarochei@hotmail.com;(038) 79534-7161
51030;Alice Cunha;1408158000000;alicecunha@r7.com;(051) 44315-3144
631;Dercio Iadocicco;1400814000000;dercioiadocicco@yahoo.com;(049) 29589-6225
5688;Brigida Nenemann;562816800000;brigidanenemann@terra.com.br;(048) 79435-7966
15192;Aldete Maduro;-611010000000;aldetemaduro@globo.com;(023) 79116-7641
51354;Idiene GÖldert;-104187600000;idienegÖldert@mail.yandex.com;(083) 48442-7627
19050;Evangelina Franzoi;1318474800000;evangelinafranzoi@yahoo.com;(038) 46724-4351
30528;Mario Covalski;-105656400000;mariocovalski@tutanota.com;(064) 26666-4944
40768;Lolita Feiler;1554778800000;lolitafeiler@tutanota.com;(019) 95168-4731
4466;Alberico Bezerra;-2239045200000;albericobezerra@globo.com;(087) 56726-3425
10224;Ariene Fabiane;-1152392400000;arienefabiane@live.com;(061) 72157-3497
15360;Mayã Borges;-2131995212000;mayãborges@tutanota.com;(047) 44115-2495
9615;Odorico Jeremias;-743029200000;odoricojeremias@live.com;(073) 25488-2587
20544;Lara Flor;49518000000;laraflor@inbox.com;(057) 58387-6733
22505;Euzebio Ranconi;1536721200000;euzebioranconi@ig.com.br;(076) 98637-7966
19320;Newton Monteiro;-1711746000000;newtonmonteiro@mail.aol.com;(065) 17376-7476
30960;Alexandra Cestile;1325037600000;alexandracestile@protonmail.com;(088) 79296-1416
23256;Madalena Solek;-2101841612000;madalenasolek@r7.com;(057) 76154-2637
22645;Nicole Ehrhardt;1139364000000;nicoleehrhardt@hotmail.com;(011) 59167-4565
5184;Fernanda Lombardi;-1850158412000;fernandalombardi@gmail.com;(066) 58122-1464
15576;Olides Pereira;-171752400000;olidespereira@ig.com.br;(096) 74477-2174
7800;Nivaldo Lins;-1697576400000;nivaldolins@gmail.com;(051) 62197-3397
23436;Haroldo Amaral;-222382800000;haroldoamaral@hotmail.com;(021) 14554-6841
17604;Belinda Nichael;910404000000;belindanichael@lockbin.com;(062) 29382-2443
52893;Irina Azambuja;1548900000000;irinaazambuja@mail.ru;(014) 64833-9427
5886;Paulo Fabiane;-1826052812000;paulofabiane@zoho.com;(075) 56569-9249
11790;Rosali Ribeiro;1183172400000;rosaliribeiro@r7.com;(011) 95797-8485
5248;Amanda Timmler;1481940000000;amandatimmler@tutanota.com;(074) 93468-4562
1314;Acácio Damann;1564801200000;acáciodamann@ig.com.br;(037) 53316-4339
41454;Bonifácio Abreu;-1068325200000;bonifácioabreu@bigstring.com;(043) 69399-8237
3954;Vivaldo Laux;-165013200000;vivaldolaux@lockbin.com;(011) 89893-4335
7920;Zozimo Kahl;-1686776400000;zozimokahl@yahoo.com;(058) 49463-1355
35694;Arissa Onning;-1695762000000;arissaonning@gmail.com;(077) 18224-1594
3310;Neuza Nóbrega;1459220400000;neuzanóbrega@lockbin.com;(027) 82249-5765
1326;Abda Cestile;147150000000;abdacestile@live.com;(052) 88174-6386
5312;Zilma Silveira;59626800000;zilmasilveira@outlook.com;(033) 68942-4454
35910;Vania Almeida;251607600000;vaniaalmeida@r7.com;(029) 94116-6592
4662;Brenda Marian;-1215637200000;brendamarian@yahoo.com;(073) 52672-6476
18676;Samira Felzer;425876400000;samirafelzer@protonmail.com;(031) 72864-8877
1336;Igino Fischer;-124408800000;iginofischer@mail.aol.com;(096) 55744-2344
8028;Angelina Riskalla;1271127600000;angelinariskalla@bigstring.com;(026) 74614-3627
14070;Eloisa Butenarowsky;-1773262412000;eloisabutenarowsky@r7.com;(026) 49331-6472
32879;Dorival Feider;1506481200000;dorivalfeider@hotmail.com;(011) 89699-5883
13440;Alana Damann;-638226000000;alanadamann@ig.com.br;(058) 92441-9859
5384;Ednei Quadros;-2164654412000;edneiquadros@lockbin.com;(063) 93287-1671
12132;Vasco Efftingmay;-608850000000;vascoefftingmay@mail.yandex.com;(046) 77693-9655
5400;Roberta Janming;277527600000;robertajanming@mail.aol.com;(012) 69538-8476
42588;Sebastian Poeta;1467255600000;sebastianpoeta@tutanota.com;(039) 27429-3843
8124;Quirino Diel;-976914000000;quirinodiel@mail.aol.com;(052) 18595-3773
5424;Jairo Mencheim;1487732400000;jairomencheim@zoho.com;(021) 19158-3538
4074;Márjore Jasper;-253573200000;márjorejasper@lockbin.com;(043) 94734-1252
5440;Denis Evangelista;1539399600000;denisevangelista@gawab.com;(037) 55381-5275
13620;Umbelino Wilwert;537156000000;umbelinowilwert@zoho.com;(084) 91878-3484
14322;Suédia Siebert;-1383685200000;suédiasiebert@ig.com.br;(074) 84237-6474
43712;Sabine Backes;-1670274000000;sabinebackes@tutanota.com;(054) 47488-2735
4104;Marcela Dorneles;6922800000;marceladorneles@gawab.com;(032) 75296-8312
23975;Aline Namorado;-926024400000;alinenamorado@mail.ru;(047) 26149-9246
18522;Oraides Raitz;1413169200000;oraidesraitz@outlook.com;(031) 87113-8679
2061;Quincas Peradt;681706800000;quincasperadt@zoho.com;(055) 83713-5375
24768;Emilio Assis;-790549200000;emilioassis@terra.com.br;(062) 92967-1779
4823;Lenemar Jonkersjonckers;-219531600000;lenemarjonkersjonckers@hotmail.com;(075) 26622-3828
4140;Otaviano Jame;-1078866000000;otavianojame@tutanota.com;(056) 27688-2631
4146;Rosalia Vasconcellos;107492400000;rosaliavasconcellos@terra.com.br;(085) 93443-1965
12456;Zoraide Ludvig;503287200000;zoraideludvig@zoho.com;(075) 23623-2348
693;Marcelo Figueiredo;-1644958800000;marcelofigueiredo@inbox.com;(054) 18331-9114
6940;Joel Salvadori;-685141200000;joelsalvadori@ig.com.br;(085) 11973-6128
12510;Getúlio Franciozi;1488078000000;getúliofranciozi@mail.aol.com;(052) 77181-2365
6264;Vanderleia Pitz;-398379600000;vanderleiapitz@live.com;(064) 22228-9199
34153;Alberico Troncon;-1248382800000;albericotroncon@tutanota.com;(042) 85185-4494
33504;Wesley Starosky;1146193200000;wesleystarosky@globo.com;(011) 83851-8374
16776;Daisy Milacci;411793200000;daisymilacci@r7.com;(086) 97645-4112
18900;Liliana Assis;-1019941200000;lilianaassis@gmail.com;(043) 92385-7964
14721;Yan Alfaro;1048302000000;yanalfaro@protonmail.com;(075) 17263-8764
21060;Ilce GÖldert;1320717600000;ilcegÖldert@tutanota.com;(044) 12357-8432
44992;Silvana Serafim;-305154000000;silvanaserafim@yahoo.com;(017) 44713-8268
24640;Amon Santos;-311979600000;amonsantos@gawab.com;(018) 92924-2437
2115;Mauro Menino;570074400000;mauromenino@inbox.com;(079) 95556-2615
39536;Antuérpia KÖpp;39668400000;antuérpiakÖpp@lockbin.com;(049) 23415-2215
19089;Marlene Padilha;175489200000;marlenepadilha@gmail.com;(099) 29693-5354
5664;Aidée Sezerino;1212202800000;aidéesezerino@mail.yandex.com;(093) 43669-1534
6381;Próspera SchÖll;461473200000;prósperaschÖll@outlook.com;(074) 68486-6449
12780;Valmir Santacruz;1453255200000;valmirsantacruz@globo.com;(071) 89583-5626
8532;Cristiane BrÜggemann;1447812000000;cristianebrÜggemann@hotmail.com;(054) 35325-1553
1424;Heron Benckeoubenk;144126000000;heronbenckeoubenk@outlook.com;(032) 72523-6434
24955;Silvano Zanan;-1637701200000;silvanozanan@inbox.com;(015) 97588-9618
10710;Ivonete Boom;973303200000;ivoneteboom@terra.com.br;(076) 68461-6373
40040;Caetano Grahlfilho;-1773780812000;caetanograhlfilho@protonmail.com;(039) 45892-4353
12888;Adriano Faria;-1993409612000;adrianofaria@mail.ru;(023) 89763-9319
2151;Zilá SÁ;1192932000000;zilásÁ@inbox.com;(033) 95748-7226
8616;Suzel Liz;-918939600000;suzelliz@terra.com.br;(057) 36783-7246
17975;Ronaldo Hammes;-777502800000;ronaldohammes@live.com;(045) 32516-7944
23040;Otavio Braga;-1491339600000;otaviobraga@r7.com;(049) 49982-4253
4326;Elton Fernandes;-1925585612000;eltonfernandes@mail.aol.com;(026) 84424-5795
8664;Josualdo Martins;-1294434000000;josualdomartins@outlook.com;(041) 71477-7858
4338;Yan Nazario;-975445200000;yannazario@hotmail.com;(042) 64979-9714
2896;Patrick Heinzen;-41806800000;patrickheinzen@gawab.com;(088) 39859-8333
15225;Otelo FermÖhlen;-1861908812000;otelofermÖhlen@protonmail.com;(047) 77138-6759
7260;Joelmir Rabe;-187135200000;joelmirrabe@mail.ru;(091) 52112-1253
5816;Joselma Bugmann;-1563656400000;joselmabugmann@live.com;(088) 96986-2642
11648;Marino Lofy;-1197756000000;marinolofy@r7.com;(075) 81182-7293
2916;Veronica Editefernandes;-1511989200000;veronicaeditefernandes@protonmail.com;(031) 27169-7297
2920;Cosme Barni;-405291600000;cosmebarni@r7.com;(094) 42394-4138
23392;Bolivar Malafaia;670820400000;bolivarmalafaia@mail.yandex.com;(092) 77849-3952
15372;Arthur Laurindo;1098068400000;arthurlaurindo@protonmail.com;(069) 52757-3787
10262;Marino Fritzen;-724366800000;marinofritzen@mail.aol.com;(077) 25744-7114
5872;Gil Junglas;-640299600000;giljunglas@gmail.com;(053) 82714-8692
52920;Badia Nau;1485050400000;badianau@outlook.com;(042) 16898-8815
14720;Jorge GorgesjÚnior;109738800000;jorgegorgesjÚnior@r7.com;(064) 18975-6718
4422;Margarida GuimarÃes;-1427403600000;margaridaguimarÃes@hotmail.com;(052) 29849-1968
11070;Amelia Lobofilho;1564110000000;amelialobofilho@yahoo.com;(094) 78719-7284
8868;João Popper;-964040400000;joãopopper@zoho.com;(012) 59577-4773
2960;Mircia TurnÊs;860295600000;mirciaturnÊs@globo.com;(097) 49585-7428
5187;Edimary Amor;-1764622800000;edimaryamor@terra.com.br;(064) 78549-4198
8904;Agnes Andradefilho;547959600000;agnesandradefilho@gmail.com;(049) 69158-2827
8916;Teresa Patruni;-663973200000;teresapatruni@gawab.com;(029) 76649-7872
1488;Osório Prust;-1867697612000;osórioprust@live.com;(048) 43229-7446
13410;Stefane Sauer;-1243717200000;stefanesauer@globo.com;(082) 81939-7998
8952;Gorete Pires;-2036177612000;goretepires@lockbin.com;(052) 24644-4555
2241;Anita Prust;-717627600000;anitaprust@ig.com.br;(011) 58648-3874
29920;Marilena Becsi;-1037394000000;marilenabecsi@bigstring.com;(062) 48357-2771
18725;Billy Emilia;-1146171600000;billyemilia@hotmail.com;(052) 15811-1419
54000;Igino Degregori;-652050000000;iginodegregori@gmail.com;(045) 57638-8536
31542;Mayara Queirós;-1359234000000;mayaraqueirós@ig.com.br;(049) 33891-7137
1504;Iracema Popp;-2136488012000;iracemapopp@zoho.com;(039) 83778-2894
15813;Marco Faller;-2072292812000;marcofaller@protonmail.com;(021) 56963-8518
9048;Chiara Ramalho;-82069200000;chiararamalho@zoho.com;(076) 35815-8694
13590;Riane Wilwert;911872800000;rianewilwert@outlook.com;(022) 88357-6914
4536;Onofre Bombilio;-1074114000000;onofrebombilio@terra.com.br;(067) 18988-9166
3028;Gracia Parente;-1868907212000;graciaparente@mail.aol.com;(037) 43287-6137
13644;Zora Peradt;-869518800000;zoraperadt@bigstring.com;(093) 89172-2894
6072;Jurema Borges;-1743541200000;juremaborges@inbox.com;(019) 17749-8287
36480;Luana Pauli;-1841172812000;luanapauli@gawab.com;(063) 18351-7866
54792;Lenemar Maennchen;-1007586000000;lenemarmaennchen@protonmail.com;(056) 39157-4718
12192;Melayne Conradi;342932400000;melayneconradi@mail.yandex.com;(081) 83278-1425
36624;Haidee Guedes;-317509200000;haideeguedes@lockbin.com;(056) 35413-4655
6876;Beth Nau;-117752400000;bethnau@terra.com.br;(086) 31495-1487
6885;Diogo Araujo;1134093600000;diogoaraujo@inbox.com;(042) 42181-6746
49024;Ozias Clasen;39236400000;oziasclasen@tutanota.com;(084) 11481-5395
4602;Erlaine Webber;-1947790412000;erlainewebber@mail.aol.com;(049) 19518-1687
41472;Maximiliano Justo;-1383944400000;maximilianojusto@mail.yandex.com;(079) 91296-4291
6921;Keid Arruda;1099191600000;keidarruda@terra.com.br;(021) 32754-7495
16170;Caetano Butzke;-968878800000;caetanobutzke@mail.ru;(066) 77975-1344
13878;Alvaro Borba;1444186800000;alvaroborba@yahoo.com;(088) 76666-6461
18528;Wanessa Scholze;770180400000;wanessascholze@globo.com;(014) 33736-8821
48699;Conrado Wirscchein;-506552400000;conradowirscchein@protonmail.com;(018) 71257-7587
32508;Nair Senem;-2096571212000;nairsenem@live.com;(073) 34481-1545
18600;Marlene Dignoli;-1053637200000;marlenedignoli@gmail.com;(056) 16955-7885
9312;Martin Brezinski;906174000000;martinbrezinski@protonmail.com;(022) 43523-5613
1554;Heitor Veber;245905200000;heitorveber@tutanota.com;(037) 97751-6599
14004;Inara Salles;1037152800000;inarasalles@mail.aol.com;(017) 49672-3999
63099;Wolf Zaira Diederich;-1707858000000;wolf zairadiederich@live.com;(093) 94196-7531
18720;Araci Ascensão;1140055200000;araciascensão@protonmail.com;(032) 53817-7738
43736;Hanna Popp;-1060981200000;hannapopp@zoho.com;(073) 83662-4723
6256;Salvio Zoz;-329432400000;salviozoz@r7.com;(052) 26447-8972
16443;Aura May;480308400000;auramay@mail.yandex.com;(019) 59763-1545
12544;Pedro Hams;-216162000000;pedrohams@live.com;(024) 17952-9854
43960;Johanes Bernardes;808801200000;johanesbernardes@terra.com.br;(056) 25314-1435
7074;Xaquira Schuhmacher;1315710000000;xaquiraschuhmacher@gmail.com;(051) 15254-2596
3935;Astrid Carminda;-79045200000;astridcarminda@live.com;(055) 21398-1697
9456;Silvio Blosfeld;-1344286800000;silvioblosfeld@yahoo.com;(069) 53842-6253
11046;Zilá Borges;-1858280012000;ziláborges@zoho.com;(016) 62241-8659
42660;Yose Teles;-367534800000;yoseteles@mail.aol.com;(076) 48458-5523
1582;Atanasio Cius;860986800000;atanasiocius@outlook.com;(091) 88677-8958
44352;John Feiler;-1162159200000;johnfeiler@zoho.com;(044) 83635-1827
38064;Sumaia Hinkel;-694645200000;sumaiahinkel@mail.yandex.com;(091) 26286-6695
23820;Olivier Leme;-522968400000;olivierleme@r7.com;(019) 85876-4766
50085;Natasha Pires;-449874000000;natashapires@outlook.com;(063) 44223-3247
3184;Albertina Ender;-1565298000000;albertinaender@terra.com.br;(019) 36175-6795
43038;Iracema Lilgen;-152229600000;iracemalilgen@live.com;(081) 76491-6516
14364;Erinaldo EpifÂnio;-2146251212000;erinaldoepifÂnio@ig.com.br;(014) 26197-3456
38352;Elena Amaral;908935200000;elenaamaral@terra.com.br;(055) 29233-3491
44800;Luiza Almeida;1378868400000;luizaalmeida@tutanota.com;(064) 55441-3796
12816;Manuela Heck;360039600000;manuelaheck@hotmail.com;(026) 49528-7983
50526;Antuérpia Kleiner;-390517200000;antuérpiakleiner@r7.com;(054) 67383-9461
24090;Almir Lenzi;262494000000;almirlenzi@lockbin.com;(069) 93218-3611
28140;Eloisa GuimarÃes;865479600000;eloisaguimarÃes@tutanota.com;(098) 55253-4987
19320;Bosco Marcelino;-297723600000;boscomarcelino@inbox.com;(082) 26278-4512
19344;Viviane Amorim;205210800000;vivianeamorim@protonmail.com;(057) 19455-6171
24210;Poliana Baltazar;-1529010000000;polianabaltazar@hotmail.com;(037) 78387-4423
32320;Giselda Baumer;-214520400000;giseldabaumer@terra.com.br;(045) 42322-6144
6472;Emanuele Rubens;95655600000;emanuelerubens@mail.aol.com;(089) 84343-3267
14580;Liliana Hoeller;-1864587212000;lilianahoeller@protonmail.com;(051) 68618-9937
12976;Eugenio BrandtjÚnior;-1769979212000;eugeniobrandtjÚnior@protonmail.com;(084) 55436-3498
8120;Breno Sobrenomedonoivo;-1718312400000;brenosobrenomedonoivo@yahoo.com;(011) 78716-4534
19512;Romulo Jahm;989809200000;romulojahm@gawab.com;(014) 57711-6773
51282;Firmino Sacramento;-1544130000000;firminosacramento@protonmail.com;(042) 36299-2362
28525;Sidney Calegari;963198000000;sidneycalegari@r7.com;(065) 42947-5959
17136;Juliana Castro;-647384400000;julianacastro@bigstring.com;(081) 46765-8763
13072;Sarina Petry;-278370000000;sarinapetry@ig.com.br;(044) 43874-9676
24540;Theseo Sezerino;1008554400000;theseosezerino@yahoo.com;(041) 61237-3531
44226;Wilma Rocio;-1722373200000;wilmarocio@yahoo.com;(082) 54594-7796
6560;Edvaldo Mees;1006394400000;edvaldomees@lockbin.com;(089) 35441-8877
24630;Denise Terlinden;323838000000;deniseterlinden@lockbin.com;(043) 24959-2829
12330;Dereck Naves;-436136400000;derecknaves@gmail.com;(057) 22768-4859
17283;Vania Limas;72932400000;vanialimas@protonmail.com;(045) 77198-9865
7416;Maira Cyrino;-1425416400000;mairacyrino@mail.ru;(099) 59862-9815
59400;Bianca Uchoa;960692400000;biancauchoa@mail.aol.com;(059) 12765-1889
5782;Dinorah Uribe;1182222000000;dinorahuribe@mail.yandex.com;(085) 17735-3671
17367;Abigail Schmitz;1085367600000;abigailschmitz@lockbin.com;(012) 56692-9377
16560;Sandro Leinecker;-1931892812000;sandroleinecker@r7.com;(088) 44234-2563
19896;José Biondoro;1018494000000;josébiondoro@zoho.com;(022) 23399-3189
22410;Francini Silvastuart;-2115665612000;francinisilvastuart@hotmail.com;(073) 17476-3356
3324;Ubaldino Pitz;-191368800000;ubaldinopitz@gmail.com;(048) 46516-1528
1664;Oscar Valente;1168308000000;oscarvalente@r7.com;(056) 48658-8945
11662;Agnaldo Sommer;502423200000;agnaldosommer@live.com;(034) 44628-2894
3336;Edimercia Borges;-1671570000000;edimerciaborges@globo.com;(049) 11379-7512
4175;Carole Nadalin;1112410800000;carolenadalin@protonmail.com;(052) 15974-8364
46816;Gustavo Gasparello;168318000000;gustavogasparello@protonmail.com;(078) 46744-1577
15066;Rafaela Mendonça;582778800000;rafaelamendonça@hotmail.com;(084) 59194-6139
7542;Iraídes Iadocicco;457930800000;iraídesiadocicco@yahoo.com;(063) 93483-1118
6712;Alena Grenteski;-758062800000;alenagrenteski@mail.yandex.com;(029) 71841-1236
7560;Ivich Zermianni;-1682024400000;ivichzermianni@yahoo.com;(065) 75445-6641
3364;Rubens Grafer;-2144523212000;rubensgrafer@gmail.com;(027) 34144-9514
37890;Constantino Velho;521002800000;constantinovelho@gawab.com;(016) 46687-7445
22761;Evelyn Krause;1008554400000;evelynkrause@zoho.com;(043) 57876-5763
22788;Ubaldino Trierweiller;901249200000;ubaldinotrierweiller@yahoo.com;(065) 67958-6637
7605;Mantovaine Bortoluzzi;130042800000;mantovainebortoluzzi@mail.yandex.com;(075) 26356-5185
12690;Shirley Ioshimi;712206000000;shirleyioshimi@live.com;(015) 95297-7448
1694;Eric Beppler;-745966800000;ericbeppler@ig.com.br;(053) 73428-5589
6784;Julieta Kaal;-173826000000;julietakaal@terra.com.br;(035) 79798-7834
13584;Cleber Coelhoneto;799815600000;clebercoelhoneto@mail.aol.com;(076) 17771-1658
15300;Cosme Alencar;1254279600000;cosmealencar@inbox.com;(067) 89661-2938
34040;Wanda Franzoi;12193200000;wandafranzoi@globo.com;(046) 75778-6886
7668;Max Ianzen;-10530000000;maxianzen@outlook.com;(036) 83391-5477
21325;Janete Giacomelli;-1400101200000;janetegiacomelli@zoho.com;(094) 69253-9495
20496;Beth Biezus;658980000000;bethbiezus@terra.com.br;(042) 45387-4839
5985;Cristiane Schappo;-1252357200000;cristianeschappo@mail.aol.com;(081) 29948-2286
8560;Erica Prado;759981600000;ericaprado@globo.com;(095) 59926-9371
5142;Antonia Marchi;196916400000;antoniamarchi@zoho.com;(054) 52396-2818
48048;Jandineia Barni;-30229200000;jandineiabarni@lockbin.com;(093) 21242-4836
30924;Zilma Sehn;-823381200000;zilmasehn@tutanota.com;(012) 16774-6193
17200;Dinorah Westphal;-2132772812000;dinorahwestphal@mail.yandex.com;(071) 24158-4321
13776;Rosaria Arndt;-2201028812000;rosariaarndt@yahoo.com;(092) 88946-6458
1724;Marino Abromoviztfilho;823140000000;marinoabromoviztfilho@mail.yandex.com;(088) 46117-3577
3452;Reginaldo Volpi;-371854800000;reginaldovolpi@ig.com.br;(056) 46777-5169
1728;Amalia Figueiroa;-1023656400000;amaliafigueiroa@mail.yandex.com;(019) 25413-1629
15570;Nilton Hinkel;1388368800000;niltonhinkel@zoho.com;(093) 79257-1624
5196;Fany Marquez;831438000000;fanymarquez@gmail.com;(055) 47845-4211
6936;Danilo Santiago;-257806800000;danilosantiago@terra.com.br;(037) 99733-7621
12152;Evangelina Serra;906174000000;evangelinaserra@yahoo.com;(074) 31555-8925
15642;Gracia MarÃes;743655600000;graciamarÃes@lockbin.com;(056) 79774-5128
10440;Pedrina Schlupp;-625528800000;pedrinaschlupp@zoho.com;(059) 41312-8425
31356;Izilda SÁ;-1461531600000;izildasÁ@mail.ru;(055) 99829-8255
5232;Ademar Pits;785037600000;ademarpits@globo.com;(063) 68856-8535
13968;Laura Asvila;-1009832400000;lauraasvila@gawab.com;(044) 34428-6191
21850;Diogo Lohn;-454885200000;diogolohn@mail.ru;(017) 86797-6732
3500;Eugenio Fioravante;368334000000;eugeniofioravante@terra.com.br;(075) 93895-9418
49056;Antero Lohn;541998000000;anterolohn@live.com;(048) 34926-4949
3508;Samira Livi;1016679600000;samiralivi@ig.com.br;(025) 31141-2981
10536;Anselmo Henriques;-406587600000;anselmohenriques@live.com;(064) 27227-4967
36918;Kênia Wulff;430196400000;kêniawulff@outlook.com;(098) 53386-5452
17600;Andrew Ferretti;-152056800000;andrewferretti@live.com;(089) 19968-8212
55503;Batista Junklaus;-296427600000;batistajunklaus@gawab.com;(053) 47811-4785
6174;Rafael Schroder;-1833828812000;rafaelschroder@ig.com.br;(064) 27236-5823
4415;Gianfranco Sanches;-1326661200000;gianfrancosanches@inbox.com;(036) 17786-1792
2652;Yanna PÜtz;750049200000;yannapÜtz@tutanota.com;(064) 19295-8356
13275;Rodrigo Koepsel;1522465200000;rodrigokoepsel@inbox.com;(035) 59552-2772
7974;Tônia Toll;235882800000;tôniatoll@terra.com.br;(026) 82911-6745
63864;Cleuza Santarrosa;-1623013200000;cleuzasantarrosa@gawab.com;(045) 43693-1867
8880;Ernesto Mendes;-1475096400000;ernestomendes@bigstring.com;(046) 86171-3294
7112;Gina Joche;-1822251212000;ginajoche@r7.com;(064) 59991-2571
8900;Charles Holanda;439354800000;charlesholanda@hotmail.com;(074) 47245-7935
14256;Joaquim AindanÃoencontrado;867639600000;joaquimaindanÃoencontrado@mail.ru;(087) 85465-2745
43708;Ione Kiefer;-287442000000;ionekiefer@lockbin.com;(076) 19739-7925
48222;Osias Luckmann;203050800000;osiasluckmann@mail.ru;(036) 49443-9688
7152;Ursula Barra;1126062000000;ursulabarra@tutanota.com;(047) 45199-9943
1790;Aldo Nam;210826800000;aldonam@gawab.com;(047) 54565-5145
1792;Rafael Alfaro;-581547600000;rafaelalfaro@ig.com.br;(073) 52698-2717
35880;Alicia Kreusch;653799600000;aliciakreusch@outlook.com;(069) 54927-1433
7184;Emmeline Schumann;1441076400000;emmelineschumann@outlook.com;(057) 25885-8788
14384;Antuérpia Constant;842497200000;antuérpiaconstant@globo.com;(026) 74646-9851
32400;Maura Coentrão;-1536613200000;mauracoentrão@protonmail.com;(047) 99951-8812
3604;Ananda Schotten;-602200800000;anandaschotten@gawab.com;(019) 62725-3848
37884;Aquiles Maennchen;-941922000000;aquilesmaennchen@globo.com;(072) 49855-2796
48762;Fúlvio Pinheiro;454042800000;fúlviopinheiro@lockbin.com;(078) 74399-5258
27120;Neuza Aragão;360558000000;neuzaaragão@outlook.com;(079) 62291-3943
19005;Pio Will;784951200000;piowill@terra.com.br;(096) 48454-5358
43488;Hilda Eifler;-1038171600000;hildaeifler@live.com;(095) 74534-4119
22675;Vitor CustÓdio;1368932400000;vitorcustÓdio@tutanota.com;(086) 45127-7433
49032;Elisiana Grosch;619844400000;elisianagrosch@mail.aol.com;(041) 98996-7135
50904;Naiara GabarrÃo;-1534021200000;naiaragabarrÃo@outlook.com;(058) 53729-9119
6370;Jennifer Nichetti;-1860699212000;jennifernichetti@terra.com.br;(013) 12835-1628
18220;Brisa Almeida;1116039600000;brisaalmeida@gawab.com;(066) 65786-5674
8208;Alison Perhardt;687063600000;alisonperhardt@gawab.com;(044) 24237-6431
21912;Else Lueckmann;114231600000;elselueckmann@yahoo.com;(028) 96857-7219
74034;Plinio Fernandes;1105322400000;pliniofernandes@gawab.com;(017) 19492-9914
27450;Alceu Krauze;819770400000;alceukrauze@r7.com;(058) 79399-6953
51296;Abraão Leinecker;-2091387212000;abraãoleinecker@tutanota.com;(081) 48857-2862
22925;Roclides Senem;-893106000000;roclidessenem@globo.com;(015) 11757-4323
57834;Renato Macedo;-675378000000;renatomacedo@tutanota.com;(019) 15694-9147
11028;Damiano Boeing;365050800000;damianoboeing@hotmail.com;(076) 29288-9534
24840;Iraídes Quadros;-1129410000000;iraídesquadros@zoho.com;(063) 96731-2751
36840;Charles Papanicolau;-1591304400000;charlespapanicolau@outlook.com;(058) 43695-8158
51632;Alécya Bonetto;-878072400000;alécyabonetto@lockbin.com;(067) 51398-9676
18460;Candida KÜhlkamp;-1250542800000;candidakÜhlkamp@globo.com;(042) 61512-3231
8316;Mariane Luz;1085194800000;marianeluz@inbox.com;(079) 39163-2762
5550;Kalliope Marega;1390442400000;kalliopemarega@live.com;(027) 76156-1728
41670;Adalberto Koch;1202176800000;adalbertokoch@tutanota.com;(015) 94915-5755
16686;Sarah Loeff;-912978000000;sarahloeff@globo.com;(032) 86454-3685
4640;Zilena ScarionejÚnior;1396321200000;zilenascarionejÚnior@hotmail.com;(022) 11479-6832
8361;Natália Luciano;924836400000;natálialuciano@r7.com;(064) 58458-7964
7440;Samia Hilleshein;-823208400000;samiahilleshein@tutanota.com;(087) 82643-9966
75411;Ubirajara Bertoldi;-101250000000;ubirajarabertoldi@gawab.com;(059) 45238-5749
39144;Mauricio Brillinger;-723070800000;mauriciobrillinger@terra.com.br;(043) 25795-6355
1866;Louise Polli;-1416085200000;louisepolli@mail.yandex.com;(086) 77727-5664
16812;Damiano Chiquette;-450824400000;damianochiquette@tutanota.com;(065) 34149-5758
28050;Arnaldo Blumen;-1412283600000;arnaldoblumen@gawab.com;(066) 35451-4888
19656;Gudrun Wloch;424321200000;gudrunwloch@gmail.com;(095) 42954-4811
59031;Sumaia Barroso;-1446238800000;sumaiabarroso@globo.com;(084) 48416-5851
19698;Julieta Terlinden;-362178000000;julietaterlinden@hotmail.com;(077) 67742-7788
45072;Cláudia Brandão;472273200000;cláudiabrandão@mail.ru;(013) 69173-4338
8460;Anastácia Xavier;43815600000;anastáciaxavier@globo.com;(058) 19548-3414
67752;Maciel Stuart;-1503176400000;macielstuart@hotmail.com;(079) 47891-5597
26376;Zelita Brezinski;475470000000;zelitabrezinski@inbox.com;(027) 46457-8852
16974;Isaias Amaral;1388714400000;isaiasamaral@inbox.com;(058) 51244-9248
46256;Edilia Salomons;-178923600000;ediliasalomons@bigstring.com;(047) 69322-1727
6615;Marjorie Furquim;-1453323600000;marjoriefurquim@live.com;(054) 93345-1619
42570;Lauanda ManhÃes;251866800000;lauandamanhÃes@inbox.com;(013) 38121-1698
13258;Abdala Fleith;-1255554000000;abdalafleith@yahoo.com;(051) 99535-6697
3792;Alena Laranja;871614000000;alenalaranja@live.com;(093) 87331-3228
34164;Sueli Miguel;577854000000;suelimiguel@bigstring.com;(054) 71462-7875
11400;Tarcisio Joche;-486162000000;tarcisiojoche@hotmail.com;(047) 36369-9135
4755;Jennifer Orsi;-568418400000;jenniferorsi@mail.aol.com;(028) 46346-4845
53312;Eulalia Guerra;112590000000;eulaliaguerra@tutanota.com;(074) 88162-3593
7624;Sandro SchÄffer;-102200400000;sandroschÄffer@ig.com.br;(018) 12976-3316
8586;Ivan Parzewski;1224727200000;ivanparzewski@r7.com;(051) 29315-9535
4775;Venâncio SantarittajÚnior;-324334800000;venânciosantarittajÚnior@mail.yandex.com;(074) 78987-1616
38240;Lorenzo Vale;-1046466000000;lorenzovale@tutanota.com;(014) 18858-9371
68904;Izilda Wassem;324356400000;izildawassem@lockbin.com;(084) 12964-2582
45984;Vasco Borba;-1399323600000;vascoborba@globo.com;(069) 67898-4931
5754;Ubaldino Sanches;-1322168400000;ubaldinosanches@outlook.com;(024) 41152-6735
19200;Agnes Dewes;-642978000000;agnesdewes@inbox.com;(083) 91311-7791
47089;Eda Figueira;1451700000000;edafigueira@live.com;(016) 26766-7597
69264;Juscelino Pivatto;-2182884812000;juscelinopivatto@mail.aol.com;(022) 41594-9271
7704;Lorenzo Maduro;-1231189200000;lorenzomaduro@bigstring.com;(051) 71943-5437
13496;Audrey Knoll;-409006800000;audreyknoll@ig.com.br;(081) 44557-1375
27020;Bernadete Bastos;831351600000;bernadetebastos@lockbin.com;(015) 81934-5578
6762;Paula Sueli;414212400000;paulasueli@live.com;(015) 46793-6514
14505;Marino Fuck;184906800000;marinofuck@mail.aol.com;(017) 39284-1951
7744;Johann Amorim;2257200000;johannamorim@protonmail.com;(043) 92732-6793
6783;Nayma Antunes;1091242800000;naymaantunes@gmail.com;(038) 75617-2438
61110;Keid Maiochi;-1497992400000;keidmaiochi@live.com;(066) 38613-8396
5826;Max Martenthal;203742000000;maxmartenthal@bigstring.com;(073) 81281-7434
26244;Arminda Sausen;-516661200000;armindasausen@live.com;(052) 14988-4547
31136;Odilson Laux;637470000000;odilsonlaux@live.com;(036) 14278-2653
9740;Josualdo Kataoka;-2058209612000;josualdokataoka@outlook.com;(093) 95875-8749
26325;Adelinda Biondoro;-337899600000;adelindabiondoro@bigstring.com;(075) 97773-7127
24400;Carole Wloch;-1301173200000;carolewloch@r7.com;(094) 13777-3575
43965;Agnaldo Stupp;-2144091212000;agnaldostupp@hotmail.com;(093) 22231-8658
9780;Otoni Coutinho;-889390800000;otonicoutinho@tutanota.com;(054) 34388-7255
35244;Priscila Tenfen;-99698400000;priscilatenfen@mail.yandex.com;(091) 25826-9116
34300;Inacio Feliciano;-1245963600000;inaciofeliciano@gawab.com;(031) 75535-3683
31392;Ednei Nenemann;-1453323600000;edneinenemann@protonmail.com;(044) 29612-6868
79542;Olivia Alflen;64638000000;oliviaalflen@mail.ru;(014) 98592-8429
62912;Oscar Lange;384404400000;oscarlange@terra.com.br;(047) 78493-6926
79704;Erica Fagundes;1038708000000;ericafagundes@live.com;(062) 92646-1718
8865;Ibrahim Bittelbrun;910404000000;ibrahimbittelbrun@mail.aol.com;(064) 11272-8645
44370;Adriana Bonilauri;-531439200000;adrianabonilauri@gawab.com;(064) 89463-4866
48363;Eleonora SobrenomedamÃe;362372400000;eleonorasobrenomedamÃe@outlook.com;(013) 27314-9718
988;Glória Guimarães;303361200000;glóriaguimarães@inbox.com;(084) 76161-4359
11868;Gerd Sarda;1558321200000;gerdsarda@zoho.com;(053) 75258-5375
2970;Yuki Delajustina;-2226517200000;yukidelajustina@terra.com.br;(056) 19621-3363
20811;Marjorie Guedes;-2001790412000;marjorieguedes@tutanota.com;(045) 11259-6494
71424;Andrew Stupp;827636400000;andrewstupp@gawab.com;(054) 97158-5345
8937;Rafaela Holanda;1354586400000;rafaelaholanda@globo.com;(086) 67113-9671
17892;Filomena Faria;-2194635212000;filomenafaria@live.com;(047) 63122-6761
35820;Eugenia Merten;952484400000;eugeniamerten@gmail.com;(055) 21211-5699
23904;Keid Gauloski;-1117659600000;keidgauloski@gawab.com;(063) 42862-9373
14955;Heloisa Peçanha;383108400000;heloisapeçanha@live.com;(078) 33439-7489
55888;Almir Silveira;1473130800000;almirsilveira@zoho.com;(094) 19848-3572
29970;Maristela Scarione;1513303200000;maristelascarione@yahoo.com;(051) 95553-2723
4000;Anabelle Iadocicco;-470610000000;anabelleiadocicco@gawab.com;(018) 96736-2648
